[2026-08-04 07:42:20] production.ERROR: The /Users/stellaning/work/Facebook whatsApp/social_media_saas_admin/backend/bootstrap/cache directory must be present and writable. {"exception":"[object] (Exception(code: 0): The /Users/stellaning/work/Facebook whatsApp/social_media_saas_admin/backend/bootstrap/cache directory must be present and writable. at /Users/stellaning/work/Facebook whatsApp/social_media_saas_admin/backend/vendor/laravel/framework/src/Illuminate/Foundation/PackageManifest.php:179)
[stacktrace]
#0 /Users/stellaning/work/Facebook whatsApp/social_media_saas_admin/backend/vendor/laravel/framework/src/Illuminate/Foundation/PackageManifest.php(132): Illuminate\\Foundation\\PackageManifest->write(Array)
#1 /Users/stellaning/work/Facebook whatsApp/social_media_saas_admin/backend/vendor/laravel/framework/src/Illuminate/Foundation/PackageManifest.php(108): Illuminate\\Foundation\\PackageManifest->build()
#2 /Users/stellaning/work/Facebook whatsApp/social_media_saas_admin/backend/vendor/laravel/framework/src/Illuminate/Foundation/PackageManifest.php(91): Illuminate\\Foundation\\PackageManifest->getManifest()
#3 /Users/stellaning/work/Facebook whatsApp/social_media_saas_admin/backend/vendor/laravel/framework/src/Illuminate/Foundation/PackageManifest.php(80): Illuminate\\Foundation\\PackageManifest->config('aliases')
#4 /Users/stellaning/work/Facebook whatsApp/social_media_saas_admin/backend/vendor/laravel/framework/src/Illuminate/Foundation/Bootstrap/RegisterFacades.php(26): Illuminate\\Foundation\\PackageManifest->aliases()
#5 /Users/stellaning/work/Facebook whatsApp/social_media_saas_admin/backend/vendor/laravel/framework/src/Illuminate/Foundation/Application.php(342): Illuminate\\Foundation\\Bootstrap\\RegisterFacades->bootstrap(Object(Illuminate\\Foundation\\Application))
#6 /Users/stellaning/work/Facebook whatsApp/social_media_saas_admin/backend/vendor/laravel/framework/src/Illuminate/Foundation/Console/Kernel.php(474): Illuminate\\Foundation\\Application->bootstrapWith(Array)
#7 /Users/stellaning/work/Facebook whatsApp/social_media_saas_admin/backend/vendor/laravel/framework/src/Illuminate/Foundation/Console/Kernel.php(196): Illuminate\\Foundation\\Console\\Kernel->bootstrap()
#8 /Users/stellaning/work/Facebook whatsApp/social_media_saas_admin/backend/vendor/laravel/framework/src/Illuminate/Foundation/Application.php(1235): Illuminate\\Foundation\\Console\\Kernel->handle(Object(Symfony\\Component\\Console\\Input\\ArgvInput), Object(Symfony\\Component\\Console\\Output\\ConsoleOutput))
#9 /Users/stellaning/work/Facebook whatsApp/social_media_saas_admin/backend/artisan(14): Illuminate\\Foundation\\Application->handleCommand(Object(Symfony\\Component\\Console\\Input\\ArgvInput))
#10 {main}
"} 
[2026-08-04 07:47:13] production.ERROR: The /Users/stellaning/work/Facebook whatsApp/social_media_saas_admin/backend/bootstrap/cache directory must be present and writable. {"exception":"[object] (Exception(code: 0): The /Users/stellaning/work/Facebook whatsApp/social_media_saas_admin/backend/bootstrap/cache directory must be present and writable. at /Users/stellaning/work/Facebook whatsApp/social_media_saas_admin/backend/vendor/laravel/framework/src/Illuminate/Foundation/PackageManifest.php:179)
[stacktrace]
#0 /Users/stellaning/work/Facebook whatsApp/social_media_saas_admin/backend/vendor/laravel/framework/src/Illuminate/Foundation/PackageManifest.php(132): Illuminate\\Foundation\\PackageManifest->write(Array)
#1 /Users/stellaning/work/Facebook whatsApp/social_media_saas_admin/backend/vendor/laravel/framework/src/Illuminate/Foundation/PackageManifest.php(108): Illuminate\\Foundation\\PackageManifest->build()
#2 /Users/stellaning/work/Facebook whatsApp/social_media_saas_admin/backend/vendor/laravel/framework/src/Illuminate/Foundation/PackageManifest.php(91): Illuminate\\Foundation\\PackageManifest->getManifest()
#3 /Users/stellaning/work/Facebook whatsApp/social_media_saas_admin/backend/vendor/laravel/framework/src/Illuminate/Foundation/PackageManifest.php(80): Illuminate\\Foundation\\PackageManifest->config('aliases')
#4 /Users/stellaning/work/Facebook whatsApp/social_media_saas_admin/backend/vendor/laravel/framework/src/Illuminate/Foundation/Bootstrap/RegisterFacades.php(26): Illuminate\\Foundation\\PackageManifest->aliases()
#5 /Users/stellaning/work/Facebook whatsApp/social_media_saas_admin/backend/vendor/laravel/framework/src/Illuminate/Foundation/Application.php(342): Illuminate\\Foundation\\Bootstrap\\RegisterFacades->bootstrap(Object(Illuminate\\Foundation\\Application))
#6 /Users/stellaning/work/Facebook whatsApp/social_media_saas_admin/backend/vendor/laravel/framework/src/Illuminate/Foundation/Console/Kernel.php(474): Illuminate\\Foundation\\Application->bootstrapWith(Array)
#7 /Users/stellaning/work/Facebook whatsApp/social_media_saas_admin/backend/vendor/laravel/framework/src/Illuminate/Foundation/Console/Kernel.php(196): Illuminate\\Foundation\\Console\\Kernel->bootstrap()
#8 /Users/stellaning/work/Facebook whatsApp/social_media_saas_admin/backend/vendor/laravel/framework/src/Illuminate/Foundation/Application.php(1235): Illuminate\\Foundation\\Console\\Kernel->handle(Object(Symfony\\Component\\Console\\Input\\ArgvInput), Object(Symfony\\Component\\Console\\Output\\ConsoleOutput))
#9 /Users/stellaning/work/Facebook whatsApp/social_media_saas_admin/backend/artisan(14): Illuminate\\Foundation\\Application->handleCommand(Object(Symfony\\Component\\Console\\Input\\ArgvInput))
#10 {main}
"} 
[2026-08-04 15:51:28] local.ERROR: SQLSTATE[HY000] [1045] Access denied for user 'root'@'localhost' (using password: NO) (Connection: mysql, SQL: select exists (select 1 from information_schema.tables where table_schema = 'social_ai_saas' and table_name = 'migrations' and table_type in ('BASE TABLE', 'SYSTEM VERSIONED')) as `exists`) {"exception":"[object] (Illuminate\\Database\\QueryException(code: 1045): SQLSTATE[HY000] [1045] Access denied for user 'root'@'localhost' (using password: NO) (Connection: mysql, SQL: select exists (select 1 from information_schema.tables where table_schema = 'social_ai_saas' and table_name = 'migrations' and table_type in ('BASE TABLE', 'SYSTEM VERSIONED')) as `exists`) at /Users/stellaning/work/Facebook whatsApp/social_media_saas_admin/backend/vendor/laravel/framework/src/Illuminate/Database/Connection.php:825)
[stacktrace]
#0 /Users/stellaning/work/Facebook whatsApp/social_media_saas_admin/backend/vendor/laravel/framework/src/Illuminate/Database/Connection.php(779): Illuminate\\Database\\Connection->runQueryCallback('select exists (...', Array, Object(Closure))
#1 /Users/stellaning/work/Facebook whatsApp/social_media_saas_admin/backend/vendor/laravel/framework/src/Illuminate/Database/Connection.php(398): Illuminate\\Database\\Connection->run('select exists (...', Array, Object(Closure))
#2 /Users/stellaning/work/Facebook whatsApp/social_media_saas_admin/backend/vendor/laravel/framework/src/Illuminate/Database/Connection.php(344): Illuminate\\Database\\Connection->select('select exists (...', Array, true)
#3 /Users/stellaning/work/Facebook whatsApp/social_media_saas_admin/backend/vendor/laravel/framework/src/Illuminate/Database/Connection.php(361): Illuminate\\Database\\Connection->selectOne('select exists (...', Array, true)
#4 /Users/stellaning/work/Facebook whatsApp/social_media_saas_admin/backend/vendor/laravel/framework/src/Illuminate/Database/Schema/MySqlBuilder.php(45): Illuminate\\Database\\Connection->scalar('select exists (...')
#5 /Users/stellaning/work/Facebook whatsApp/social_media_saas_admin/backend/vendor/laravel/framework/src/Illuminate/Database/Migrations/DatabaseMigrationRepository.php(184): Illuminate\\Database\\Schema\\MySqlBuilder->hasTable('migrations')
#6 /Users/stellaning/work/Facebook whatsApp/social_media_saas_admin/backend/vendor/laravel/framework/src/Illuminate/Database/Migrations/Migrator.php(742): Illuminate\\Database\\Migrations\\DatabaseMigrationRepository->repositoryExists()
#7 /Users/stellaning/work/Facebook whatsApp/social_media_saas_admin/backend/vendor/laravel/framework/src/Illuminate/Database/Console/Migrations/MigrateCommand.php(165): Illuminate\\Database\\Migrations\\Migrator->repositoryExists()
#8 /Users/stellaning/work/Facebook whatsApp/social_media_saas_admin/backend/vendor/laravel/framework/src/Illuminate/Support/helpers.php(338): Illuminate\\Database\\Console\\Migrations\\MigrateCommand->Illuminate\\Database\\Console\\Migrations\\{closure}(1)
#9 /Users/stellaning/work/Facebook whatsApp/social_media_saas_admin/backend/vendor/laravel/framework/src/Illuminate/Database/Console/Migrations/MigrateCommand.php(165): retry(1, Object(Closure), 0, Object(Closure))
#10 /Users/stellaning/work/Facebook whatsApp/social_media_saas_admin/backend/vendor/laravel/framework/src/Illuminate/Database/Console/Migrations/MigrateCommand.php(141): Illuminate\\Database\\Console\\Migrations\\MigrateCommand->repositoryExists()
#11 /Users/stellaning/work/Facebook whatsApp/social_media_saas_admin/backend/vendor/laravel/framework/src/Illuminate/Database/Console/Migrations/MigrateCommand.php(111): Illuminate\\Database\\Console\\Migrations\\MigrateCommand->prepareDatabase()
#12 /Users/stellaning/work/Facebook whatsApp/social_media_saas_admin/backend/vendor/laravel/framework/src/Illuminate/Database/Migrations/Migrator.php(658): Illuminate\\Database\\Console\\Migrations\\MigrateCommand->Illuminate\\Database\\Console\\Migrations\\{closure}()
#13 /Users/stellaning/work/Facebook whatsApp/social_media_saas_admin/backend/vendor/laravel/framework/src/Illuminate/Database/Console/Migrations/MigrateCommand.php(110): Illuminate\\Database\\Migrations\\Migrator->usingConnection(NULL, Object(Closure))
#14 /Users/stellaning/work/Facebook whatsApp/social_media_saas_admin/backend/vendor/laravel/framework/src/Illuminate/Database/Console/Migrations/MigrateCommand.php(89): Illuminate\\Database\\Console\\Migrations\\MigrateCommand->runMigrations()
#15 /Users/stellaning/work/Facebook whatsApp/social_media_saas_admin/backend/vendor/laravel/framework/src/Illuminate/Container/BoundMethod.php(36): Illuminate\\Database\\Console\\Migrations\\MigrateCommand->handle()
#16 /Users/stellaning/work/Facebook whatsApp/social_media_saas_admin/backend/vendor/laravel/framework/src/Illuminate/Container/Util.php(43): Illuminate\\Container\\BoundMethod::Illuminate\\Container\\{closure}()
#17 /Users/stellaning/work/Facebook whatsApp/social_media_saas_admin/backend/vendor/laravel/framework/src/Illuminate/Container/BoundMethod.php(95): Illuminate\\Container\\Util::unwrapIfClosure(Object(Closure))
#18 /Users/stellaning/work/Facebook whatsApp/social_media_saas_admin/backend/vendor/laravel/framework/src/Illuminate/Container/BoundMethod.php(35): Illuminate\\Container\\BoundMethod::callBoundMethod(Object(Illuminate\\Foundation\\Application), Array, Object(Closure))
#19 /Users/stellaning/work/Facebook whatsApp/social_media_saas_admin/backend/vendor/laravel/framework/src/Illuminate/Container/Container.php(696): Illuminate\\Container\\BoundMethod::call(Object(Illuminate\\Foundation\\Application), Array, Array, NULL)
#20 /Users/stellaning/work/Facebook whatsApp/social_media_saas_admin/backend/vendor/laravel/framework/src/Illuminate/Console/Command.php(213): Illuminate\\Container\\Container->call(Array)
#21 /Users/stellaning/work/Facebook whatsApp/social_media_saas_admin/backend/vendor/symfony/console/Command/Command.php(341): Illuminate\\Console\\Command->execute(Object(Symfony\\Component\\Console\\Input\\ArgvInput), Object(Illuminate\\Console\\OutputStyle))
#22 /Users/stellaning/work/Facebook whatsApp/social_media_saas_admin/backend/vendor/laravel/framework/src/Illuminate/Console/Command.php(182): Symfony\\Component\\Console\\Command\\Command->run(Object(Symfony\\Component\\Console\\Input\\ArgvInput), Object(Illuminate\\Console\\OutputStyle))
#23 /Users/stellaning/work/Facebook whatsApp/social_media_saas_admin/backend/vendor/symfony/console/Application.php(1117): Illuminate\\Console\\Command->run(Object(Symfony\\Component\\Console\\Input\\ArgvInput), Object(Symfony\\Component\\Console\\Output\\ConsoleOutput))
#24 /Users/stellaning/work/Facebook whatsApp/social_media_saas_admin/backend/vendor/symfony/console/Application.php(356): Symfony\\Component\\Console\\Application->doRunCommand(Object(Illuminate\\Database\\Console\\Migrations\\MigrateCommand), Object(Symfony\\Component\\Console\\Input\\ArgvInput), Object(Symfony\\Component\\Console\\Output\\ConsoleOutput))
#25 /Users/stellaning/work/Facebook whatsApp/social_media_saas_admin/backend/vendor/symfony/console/Application.php(195): Symfony\\Component\\Console\\Application->doRun(Object(Symfony\\Component\\Console\\Input\\ArgvInput), Object(Symfony\\Component\\Console\\Output\\ConsoleOutput))
#26 /Users/stellaning/work/Facebook whatsApp/social_media_saas_admin/backend/vendor/laravel/framework/src/Illuminate/Foundation/Console/Kernel.php(198): Symfony\\Component\\Console\\Application->run(Object(Symfony\\Component\\Console\\Input\\ArgvInput), Object(Symfony\\Component\\Console\\Output\\ConsoleOutput))
#27 /Users/stellaning/work/Facebook whatsApp/social_media_saas_admin/backend/vendor/laravel/framework/src/Illuminate/Foundation/Application.php(1235): Illuminate\\Foundation\\Console\\Kernel->handle(Object(Symfony\\Component\\Console\\Input\\ArgvInput), Object(Symfony\\Component\\Console\\Output\\ConsoleOutput))
#28 /Users/stellaning/work/Facebook whatsApp/social_media_saas_admin/backend/artisan(14): Illuminate\\Foundation\\Application->handleCommand(Object(Symfony\\Component\\Console\\Input\\ArgvInput))
#29 {main}

[previous exception] [object] (PDOException(code: 1045): SQLSTATE[HY000] [1045] Access denied for user 'root'@'localhost' (using password: NO) at /Users/stellaning/work/Facebook whatsApp/social_media_saas_admin/backend/vendor/laravel/framework/src/Illuminate/Database/Connectors/Connector.php:66)
[stacktrace]
#0 /Users/stellaning/work/Facebook whatsApp/social_media_saas_admin/backend/vendor/laravel/framework/src/Illuminate/Database/Connectors/Connector.php(66): PDO->__construct('mysql:host=127....', 'root', Object(SensitiveParameterValue), Array)
#1 /Users/stellaning/work/Facebook whatsApp/social_media_saas_admin/backend/vendor/laravel/framework/src/Illuminate/Database/Connectors/Connector.php(44): Illuminate\\Database\\Connectors\\Connector->createPdoConnection('mysql:host=127....', 'root', Object(SensitiveParameterValue), Array)
#2 /Users/stellaning/work/Facebook whatsApp/social_media_saas_admin/backend/vendor/laravel/framework/src/Illuminate/Database/Connectors/MySqlConnector.php(24): Illuminate\\Database\\Connectors\\Connector->createConnection('mysql:host=127....', Array, Array)
#3 /Users/stellaning/work/Facebook whatsApp/social_media_saas_admin/backend/vendor/laravel/framework/src/Illuminate/Database/Connectors/ConnectionFactory.php(185): Illuminate\\Database\\Connectors\\MySqlConnector->connect(Array)
#4 [internal function]: Illuminate\\Database\\Connectors\\ConnectionFactory->Illuminate\\Database\\Connectors\\{closure}()
#5 /Users/stellaning/work/Facebook whatsApp/social_media_saas_admin/backend/vendor/laravel/framework/src/Illuminate/Database/Connection.php(1231): call_user_func(Object(Closure))
#6 /Users/stellaning/work/Facebook whatsApp/social_media_saas_admin/backend/vendor/laravel/framework/src/Illuminate/Database/Connection.php(1267): Illuminate\\Database\\Connection->getPdo()
#7 /Users/stellaning/work/Facebook whatsApp/social_media_saas_admin/backend/vendor/laravel/framework/src/Illuminate/Database/Connection.php(512): Illuminate\\Database\\Connection->getReadPdo()
#8 /Users/stellaning/work/Facebook whatsApp/social_media_saas_admin/backend/vendor/laravel/framework/src/Illuminate/Database/Connection.php(407): Illuminate\\Database\\Connection->getPdoForSelect(true)
#9 /Users/stellaning/work/Facebook whatsApp/social_media_saas_admin/backend/vendor/laravel/framework/src/Illuminate/Database/Connection.php(812): Illuminate\\Database\\Connection->Illuminate\\Database\\{closure}('select exists (...', Array)
#10 /Users/stellaning/work/Facebook whatsApp/social_media_saas_admin/backend/vendor/laravel/framework/src/Illuminate/Database/Connection.php(779): Illuminate\\Database\\Connection->runQueryCallback('select exists (...', Array, Object(Closure))
#11 /Users/stellaning/work/Facebook whatsApp/social_media_saas_admin/backend/vendor/laravel/framework/src/Illuminate/Database/Connection.php(398): Illuminate\\Database\\Connection->run('select exists (...', Array, Object(Closure))
#12 /Users/stellaning/work/Facebook whatsApp/social_media_saas_admin/backend/vendor/laravel/framework/src/Illuminate/Database/Connection.php(344): Illuminate\\Database\\Connection->select('select exists (...', Array, true)
#13 /Users/stellaning/work/Facebook whatsApp/social_media_saas_admin/backend/vendor/laravel/framework/src/Illuminate/Database/Connection.php(361): Illuminate\\Database\\Connection->selectOne('select exists (...', Array, true)
#14 /Users/stellaning/work/Facebook whatsApp/social_media_saas_admin/backend/vendor/laravel/framework/src/Illuminate/Database/Schema/MySqlBuilder.php(45): Illuminate\\Database\\Connection->scalar('select exists (...')
#15 /Users/stellaning/work/Facebook whatsApp/social_media_saas_admin/backend/vendor/laravel/framework/src/Illuminate/Database/Migrations/DatabaseMigrationRepository.php(184): Illuminate\\Database\\Schema\\MySqlBuilder->hasTable('migrations')
#16 /Users/stellaning/work/Facebook whatsApp/social_media_saas_admin/backend/vendor/laravel/framework/src/Illuminate/Database/Migrations/Migrator.php(742): Illuminate\\Database\\Migrations\\DatabaseMigrationRepository->repositoryExists()
#17 /Users/stellaning/work/Facebook whatsApp/social_media_saas_admin/backend/vendor/laravel/framework/src/Illuminate/Database/Console/Migrations/MigrateCommand.php(165): Illuminate\\Database\\Migrations\\Migrator->repositoryExists()
#18 /Users/stellaning/work/Facebook whatsApp/social_media_saas_admin/backend/vendor/laravel/framework/src/Illuminate/Support/helpers.php(338): Illuminate\\Database\\Console\\Migrations\\MigrateCommand->Illuminate\\Database\\Console\\Migrations\\{closure}(1)
#19 /Users/stellaning/work/Facebook whatsApp/social_media_saas_admin/backend/vendor/laravel/framework/src/Illuminate/Database/Console/Migrations/MigrateCommand.php(165): retry(1, Object(Closure), 0, Object(Closure))
#20 /Users/stellaning/work/Facebook whatsApp/social_media_saas_admin/backend/vendor/laravel/framework/src/Illuminate/Database/Console/Migrations/MigrateCommand.php(141): Illuminate\\Database\\Console\\Migrations\\MigrateCommand->repositoryExists()
#21 /Users/stellaning/work/Facebook whatsApp/social_media_saas_admin/backend/vendor/laravel/framework/src/Illuminate/Database/Console/Migrations/MigrateCommand.php(111): Illuminate\\Database\\Console\\Migrations\\MigrateCommand->prepareDatabase()
#22 /Users/stellaning/work/Facebook whatsApp/social_media_saas_admin/backend/vendor/laravel/framework/src/Illuminate/Database/Migrations/Migrator.php(658): Illuminate\\Database\\Console\\Migrations\\MigrateCommand->Illuminate\\Database\\Console\\Migrations\\{closure}()
#23 /Users/stellaning/work/Facebook whatsApp/social_media_saas_admin/backend/vendor/laravel/framework/src/Illuminate/Database/Console/Migrations/MigrateCommand.php(110): Illuminate\\Database\\Migrations\\Migrator->usingConnection(NULL, Object(Closure))
#24 /Users/stellaning/work/Facebook whatsApp/social_media_saas_admin/backend/vendor/laravel/framework/src/Illuminate/Database/Console/Migrations/MigrateCommand.php(89): Illuminate\\Database\\Console\\Migrations\\MigrateCommand->runMigrations()
#25 /Users/stellaning/work/Facebook whatsApp/social_media_saas_admin/backend/vendor/laravel/framework/src/Illuminate/Container/BoundMethod.php(36): Illuminate\\Database\\Console\\Migrations\\MigrateCommand->handle()
#26 /Users/stellaning/work/Facebook whatsApp/social_media_saas_admin/backend/vendor/laravel/framework/src/Illuminate/Container/Util.php(43): Illuminate\\Container\\BoundMethod::Illuminate\\Container\\{closure}()
#27 /Users/stellaning/work/Facebook whatsApp/social_media_saas_admin/backend/vendor/laravel/framework/src/Illuminate/Container/BoundMethod.php(95): Illuminate\\Container\\Util::unwrapIfClosure(Object(Closure))
#28 /Users/stellaning/work/Facebook whatsApp/social_media_saas_admin/backend/vendor/laravel/framework/src/Illuminate/Container/BoundMethod.php(35): Illuminate\\Container\\BoundMethod::callBoundMethod(Object(Illuminate\\Foundation\\Application), Array, Object(Closure))
#29 /Users/stellaning/work/Facebook whatsApp/social_media_saas_admin/backend/vendor/laravel/framework/src/Illuminate/Container/Container.php(696): Illuminate\\Container\\BoundMethod::call(Object(Illuminate\\Foundation\\Application), Array, Array, NULL)
#30 /Users/stellaning/work/Facebook whatsApp/social_media_saas_admin/backend/vendor/laravel/framework/src/Illuminate/Console/Command.php(213): Illuminate\\Container\\Container->call(Array)
#31 /Users/stellaning/work/Facebook whatsApp/social_media_saas_admin/backend/vendor/symfony/console/Command/Command.php(341): Illuminate\\Console\\Command->execute(Object(Symfony\\Component\\Console\\Input\\ArgvInput), Object(Illuminate\\Console\\OutputStyle))
#32 /Users/stellaning/work/Facebook whatsApp/social_media_saas_admin/backend/vendor/laravel/framework/src/Illuminate/Console/Command.php(182): Symfony\\Component\\Console\\Command\\Command->run(Object(Symfony\\Component\\Console\\Input\\ArgvInput), Object(Illuminate\\Console\\OutputStyle))
#33 /Users/stellaning/work/Facebook whatsApp/social_media_saas_admin/backend/vendor/symfony/console/Application.php(1117): Illuminate\\Console\\Command->run(Object(Symfony\\Component\\Console\\Input\\ArgvInput), Object(Symfony\\Component\\Console\\Output\\ConsoleOutput))
#34 /Users/stellaning/work/Facebook whatsApp/social_media_saas_admin/backend/vendor/symfony/console/Application.php(356): Symfony\\Component\\Console\\Application->doRunCommand(Object(Illuminate\\Database\\Console\\Migrations\\MigrateCommand), Object(Symfony\\Component\\Console\\Input\\ArgvInput), Object(Symfony\\Component\\Console\\Output\\ConsoleOutput))
#35 /Users/stellaning/work/Facebook whatsApp/social_media_saas_admin/backend/vendor/symfony/console/Application.php(195): Symfony\\Component\\Console\\Application->doRun(Object(Symfony\\Component\\Console\\Input\\ArgvInput), Object(Symfony\\Component\\Console\\Output\\ConsoleOutput))
#36 /Users/stellaning/work/Facebook whatsApp/social_media_saas_admin/backend/vendor/laravel/framework/src/Illuminate/Foundation/Console/Kernel.php(198): Symfony\\Component\\Console\\Application->run(Object(Symfony\\Component\\Console\\Input\\ArgvInput), Object(Symfony\\Component\\Console\\Output\\ConsoleOutput))
#37 /Users/stellaning/work/Facebook whatsApp/social_media_saas_admin/backend/vendor/laravel/framework/src/Illuminate/Foundation/Application.php(1235): Illuminate\\Foundation\\Console\\Kernel->handle(Object(Symfony\\Component\\Console\\Input\\ArgvInput), Object(Symfony\\Component\\Console\\Output\\ConsoleOutput))
#38 /Users/stellaning/work/Facebook whatsApp/social_media_saas_admin/backend/artisan(14): Illuminate\\Foundation\\Application->handleCommand(Object(Symfony\\Component\\Console\\Input\\ArgvInput))
#39 {main}
"} 
[2026-08-04 15:51:56] local.ERROR: SQLSTATE[HY000] [1045] Access denied for user 'root'@'localhost' (using password: NO) (Connection: mysql, SQL: select exists (select 1 from information_schema.tables where table_schema = 'social_ai_saas' and table_name = 'migrations' and table_type in ('BASE TABLE', 'SYSTEM VERSIONED')) as `exists`) {"exception":"[object] (Illuminate\\Database\\QueryException(code: 1045): SQLSTATE[HY000] [1045] Access denied for user 'root'@'localhost' (using password: NO) (Connection: mysql, SQL: select exists (select 1 from information_schema.tables where table_schema = 'social_ai_saas' and table_name = 'migrations' and table_type in ('BASE TABLE', 'SYSTEM VERSIONED')) as `exists`) at /Users/stellaning/work/Facebook whatsApp/social_media_saas_admin/backend/vendor/laravel/framework/src/Illuminate/Database/Connection.php:825)
[stacktrace]
#0 /Users/stellaning/work/Facebook whatsApp/social_media_saas_admin/backend/vendor/laravel/framework/src/Illuminate/Database/Connection.php(779): Illuminate\\Database\\Connection->runQueryCallback('select exists (...', Array, Object(Closure))
#1 /Users/stellaning/work/Facebook whatsApp/social_media_saas_admin/backend/vendor/laravel/framework/src/Illuminate/Database/Connection.php(398): Illuminate\\Database\\Connection->run('select exists (...', Array, Object(Closure))
#2 /Users/stellaning/work/Facebook whatsApp/social_media_saas_admin/backend/vendor/laravel/framework/src/Illuminate/Database/Connection.php(344): Illuminate\\Database\\Connection->select('select exists (...', Array, true)
#3 /Users/stellaning/work/Facebook whatsApp/social_media_saas_admin/backend/vendor/laravel/framework/src/Illuminate/Database/Connection.php(361): Illuminate\\Database\\Connection->selectOne('select exists (...', Array, true)
#4 /Users/stellaning/work/Facebook whatsApp/social_media_saas_admin/backend/vendor/laravel/framework/src/Illuminate/Database/Schema/MySqlBuilder.php(45): Illuminate\\Database\\Connection->scalar('select exists (...')
#5 /Users/stellaning/work/Facebook whatsApp/social_media_saas_admin/backend/vendor/laravel/framework/src/Illuminate/Database/Migrations/DatabaseMigrationRepository.php(184): Illuminate\\Database\\Schema\\MySqlBuilder->hasTable('migrations')
#6 /Users/stellaning/work/Facebook whatsApp/social_media_saas_admin/backend/vendor/laravel/framework/src/Illuminate/Database/Migrations/Migrator.php(742): Illuminate\\Database\\Migrations\\DatabaseMigrationRepository->repositoryExists()
#7 /Users/stellaning/work/Facebook whatsApp/social_media_saas_admin/backend/vendor/laravel/framework/src/Illuminate/Database/Console/Migrations/MigrateCommand.php(165): Illuminate\\Database\\Migrations\\Migrator->repositoryExists()
#8 /Users/stellaning/work/Facebook whatsApp/social_media_saas_admin/backend/vendor/laravel/framework/src/Illuminate/Support/helpers.php(338): Illuminate\\Database\\Console\\Migrations\\MigrateCommand->Illuminate\\Database\\Console\\Migrations\\{closure}(1)
#9 /Users/stellaning/work/Facebook whatsApp/social_media_saas_admin/backend/vendor/laravel/framework/src/Illuminate/Database/Console/Migrations/MigrateCommand.php(165): retry(1, Object(Closure), 0, Object(Closure))
#10 /Users/stellaning/work/Facebook whatsApp/social_media_saas_admin/backend/vendor/laravel/framework/src/Illuminate/Database/Console/Migrations/MigrateCommand.php(141): Illuminate\\Database\\Console\\Migrations\\MigrateCommand->repositoryExists()
#11 /Users/stellaning/work/Facebook whatsApp/social_media_saas_admin/backend/vendor/laravel/framework/src/Illuminate/Database/Console/Migrations/MigrateCommand.php(111): Illuminate\\Database\\Console\\Migrations\\MigrateCommand->prepareDatabase()
#12 /Users/stellaning/work/Facebook whatsApp/social_media_saas_admin/backend/vendor/laravel/framework/src/Illuminate/Database/Migrations/Migrator.php(658): Illuminate\\Database\\Console\\Migrations\\MigrateCommand->Illuminate\\Database\\Console\\Migrations\\{closure}()
#13 /Users/stellaning/work/Facebook whatsApp/social_media_saas_admin/backend/vendor/laravel/framework/src/Illuminate/Database/Console/Migrations/MigrateCommand.php(110): Illuminate\\Database\\Migrations\\Migrator->usingConnection(NULL, Object(Closure))
#14 /Users/stellaning/work/Facebook whatsApp/social_media_saas_admin/backend/vendor/laravel/framework/src/Illuminate/Database/Console/Migrations/MigrateCommand.php(89): Illuminate\\Database\\Console\\Migrations\\MigrateCommand->runMigrations()
#15 /Users/stellaning/work/Facebook whatsApp/social_media_saas_admin/backend/vendor/laravel/framework/src/Illuminate/Container/BoundMethod.php(36): Illuminate\\Database\\Console\\Migrations\\MigrateCommand->handle()
#16 /Users/stellaning/work/Facebook whatsApp/social_media_saas_admin/backend/vendor/laravel/framework/src/Illuminate/Container/Util.php(43): Illuminate\\Container\\BoundMethod::Illuminate\\Container\\{closure}()
#17 /Users/stellaning/work/Facebook whatsApp/social_media_saas_admin/backend/vendor/laravel/framework/src/Illuminate/Container/BoundMethod.php(95): Illuminate\\Container\\Util::unwrapIfClosure(Object(Closure))
#18 /Users/stellaning/work/Facebook whatsApp/social_media_saas_admin/backend/vendor/laravel/framework/src/Illuminate/Container/BoundMethod.php(35): Illuminate\\Container\\BoundMethod::callBoundMethod(Object(Illuminate\\Foundation\\Application), Array, Object(Closure))
#19 /Users/stellaning/work/Facebook whatsApp/social_media_saas_admin/backend/vendor/laravel/framework/src/Illuminate/Container/Container.php(696): Illuminate\\Container\\BoundMethod::call(Object(Illuminate\\Foundation\\Application), Array, Array, NULL)
#20 /Users/stellaning/work/Facebook whatsApp/social_media_saas_admin/backend/vendor/laravel/framework/src/Illuminate/Console/Command.php(213): Illuminate\\Container\\Container->call(Array)
#21 /Users/stellaning/work/Facebook whatsApp/social_media_saas_admin/backend/vendor/symfony/console/Command/Command.php(341): Illuminate\\Console\\Command->execute(Object(Symfony\\Component\\Console\\Input\\ArgvInput), Object(Illuminate\\Console\\OutputStyle))
#22 /Users/stellaning/work/Facebook whatsApp/social_media_saas_admin/backend/vendor/laravel/framework/src/Illuminate/Console/Command.php(182): Symfony\\Component\\Console\\Command\\Command->run(Object(Symfony\\Component\\Console\\Input\\ArgvInput), Object(Illuminate\\Console\\OutputStyle))
#23 /Users/stellaning/work/Facebook whatsApp/social_media_saas_admin/backend/vendor/symfony/console/Application.php(1117): Illuminate\\Console\\Command->run(Object(Symfony\\Component\\Console\\Input\\ArgvInput), Object(Symfony\\Component\\Console\\Output\\ConsoleOutput))
#24 /Users/stellaning/work/Facebook whatsApp/social_media_saas_admin/backend/vendor/symfony/console/Application.php(356): Symfony\\Component\\Console\\Application->doRunCommand(Object(Illuminate\\Database\\Console\\Migrations\\MigrateCommand), Object(Symfony\\Component\\Console\\Input\\ArgvInput), Object(Symfony\\Component\\Console\\Output\\ConsoleOutput))
#25 /Users/stellaning/work/Facebook whatsApp/social_media_saas_admin/backend/vendor/symfony/console/Application.php(195): Symfony\\Component\\Console\\Application->doRun(Object(Symfony\\Component\\Console\\Input\\ArgvInput), Object(Symfony\\Component\\Console\\Output\\ConsoleOutput))
#26 /Users/stellaning/work/Facebook whatsApp/social_media_saas_admin/backend/vendor/laravel/framework/src/Illuminate/Foundation/Console/Kernel.php(198): Symfony\\Component\\Console\\Application->run(Object(Symfony\\Component\\Console\\Input\\ArgvInput), Object(Symfony\\Component\\Console\\Output\\ConsoleOutput))
#27 /Users/stellaning/work/Facebook whatsApp/social_media_saas_admin/backend/vendor/laravel/framework/src/Illuminate/Foundation/Application.php(1235): Illuminate\\Foundation\\Console\\Kernel->handle(Object(Symfony\\Component\\Console\\Input\\ArgvInput), Object(Symfony\\Component\\Console\\Output\\ConsoleOutput))
#28 /Users/stellaning/work/Facebook whatsApp/social_media_saas_admin/backend/artisan(14): Illuminate\\Foundation\\Application->handleCommand(Object(Symfony\\Component\\Console\\Input\\ArgvInput))
#29 {main}

[previous exception] [object] (PDOException(code: 1045): SQLSTATE[HY000] [1045] Access denied for user 'root'@'localhost' (using password: NO) at /Users/stellaning/work/Facebook whatsApp/social_media_saas_admin/backend/vendor/laravel/framework/src/Illuminate/Database/Connectors/Connector.php:66)
[stacktrace]
#0 /Users/stellaning/work/Facebook whatsApp/social_media_saas_admin/backend/vendor/laravel/framework/src/Illuminate/Database/Connectors/Connector.php(66): PDO->__construct('mysql:host=127....', 'root', Object(SensitiveParameterValue), Array)
#1 /Users/stellaning/work/Facebook whatsApp/social_media_saas_admin/backend/vendor/laravel/framework/src/Illuminate/Database/Connectors/Connector.php(44): Illuminate\\Database\\Connectors\\Connector->createPdoConnection('mysql:host=127....', 'root', Object(SensitiveParameterValue), Array)
#2 /Users/stellaning/work/Facebook whatsApp/social_media_saas_admin/backend/vendor/laravel/framework/src/Illuminate/Database/Connectors/MySqlConnector.php(24): Illuminate\\Database\\Connectors\\Connector->createConnection('mysql:host=127....', Array, Array)
#3 /Users/stellaning/work/Facebook whatsApp/social_media_saas_admin/backend/vendor/laravel/framework/src/Illuminate/Database/Connectors/ConnectionFactory.php(185): Illuminate\\Database\\Connectors\\MySqlConnector->connect(Array)
#4 [internal function]: Illuminate\\Database\\Connectors\\ConnectionFactory->Illuminate\\Database\\Connectors\\{closure}()
#5 /Users/stellaning/work/Facebook whatsApp/social_media_saas_admin/backend/vendor/laravel/framework/src/Illuminate/Database/Connection.php(1231): call_user_func(Object(Closure))
#6 /Users/stellaning/work/Facebook whatsApp/social_media_saas_admin/backend/vendor/laravel/framework/src/Illuminate/Database/Connection.php(1267): Illuminate\\Database\\Connection->getPdo()
#7 /Users/stellaning/work/Facebook whatsApp/social_media_saas_admin/backend/vendor/laravel/framework/src/Illuminate/Database/Connection.php(512): Illuminate\\Database\\Connection->getReadPdo()
#8 /Users/stellaning/work/Facebook whatsApp/social_media_saas_admin/backend/vendor/laravel/framework/src/Illuminate/Database/Connection.php(407): Illuminate\\Database\\Connection->getPdoForSelect(true)
#9 /Users/stellaning/work/Facebook whatsApp/social_media_saas_admin/backend/vendor/laravel/framework/src/Illuminate/Database/Connection.php(812): Illuminate\\Database\\Connection->Illuminate\\Database\\{closure}('select exists (...', Array)
#10 /Users/stellaning/work/Facebook whatsApp/social_media_saas_admin/backend/vendor/laravel/framework/src/Illuminate/Database/Connection.php(779): Illuminate\\Database\\Connection->runQueryCallback('select exists (...', Array, Object(Closure))
#11 /Users/stellaning/work/Facebook whatsApp/social_media_saas_admin/backend/vendor/laravel/framework/src/Illuminate/Database/Connection.php(398): Illuminate\\Database\\Connection->run('select exists (...', Array, Object(Closure))
#12 /Users/stellaning/work/Facebook whatsApp/social_media_saas_admin/backend/vendor/laravel/framework/src/Illuminate/Database/Connection.php(344): Illuminate\\Database\\Connection->select('select exists (...', Array, true)
#13 /Users/stellaning/work/Facebook whatsApp/social_media_saas_admin/backend/vendor/laravel/framework/src/Illuminate/Database/Connection.php(361): Illuminate\\Database\\Connection->selectOne('select exists (...', Array, true)
#14 /Users/stellaning/work/Facebook whatsApp/social_media_saas_admin/backend/vendor/laravel/framework/src/Illuminate/Database/Schema/MySqlBuilder.php(45): Illuminate\\Database\\Connection->scalar('select exists (...')
#15 /Users/stellaning/work/Facebook whatsApp/social_media_saas_admin/backend/vendor/laravel/framework/src/Illuminate/Database/Migrations/DatabaseMigrationRepository.php(184): Illuminate\\Database\\Schema\\MySqlBuilder->hasTable('migrations')
#16 /Users/stellaning/work/Facebook whatsApp/social_media_saas_admin/backend/vendor/laravel/framework/src/Illuminate/Database/Migrations/Migrator.php(742): Illuminate\\Database\\Migrations\\DatabaseMigrationRepository->repositoryExists()
#17 /Users/stellaning/work/Facebook whatsApp/social_media_saas_admin/backend/vendor/laravel/framework/src/Illuminate/Database/Console/Migrations/MigrateCommand.php(165): Illuminate\\Database\\Migrations\\Migrator->repositoryExists()
#18 /Users/stellaning/work/Facebook whatsApp/social_media_saas_admin/backend/vendor/laravel/framework/src/Illuminate/Support/helpers.php(338): Illuminate\\Database\\Console\\Migrations\\MigrateCommand->Illuminate\\Database\\Console\\Migrations\\{closure}(1)
#19 /Users/stellaning/work/Facebook whatsApp/social_media_saas_admin/backend/vendor/laravel/framework/src/Illuminate/Database/Console/Migrations/MigrateCommand.php(165): retry(1, Object(Closure), 0, Object(Closure))
#20 /Users/stellaning/work/Facebook whatsApp/social_media_saas_admin/backend/vendor/laravel/framework/src/Illuminate/Database/Console/Migrations/MigrateCommand.php(141): Illuminate\\Database\\Console\\Migrations\\MigrateCommand->repositoryExists()
#21 /Users/stellaning/work/Facebook whatsApp/social_media_saas_admin/backend/vendor/laravel/framework/src/Illuminate/Database/Console/Migrations/MigrateCommand.php(111): Illuminate\\Database\\Console\\Migrations\\MigrateCommand->prepareDatabase()
#22 /Users/stellaning/work/Facebook whatsApp/social_media_saas_admin/backend/vendor/laravel/framework/src/Illuminate/Database/Migrations/Migrator.php(658): Illuminate\\Database\\Console\\Migrations\\MigrateCommand->Illuminate\\Database\\Console\\Migrations\\{closure}()
#23 /Users/stellaning/work/Facebook whatsApp/social_media_saas_admin/backend/vendor/laravel/framework/src/Illuminate/Database/Console/Migrations/MigrateCommand.php(110): Illuminate\\Database\\Migrations\\Migrator->usingConnection(NULL, Object(Closure))
#24 /Users/stellaning/work/Facebook whatsApp/social_media_saas_admin/backend/vendor/laravel/framework/src/Illuminate/Database/Console/Migrations/MigrateCommand.php(89): Illuminate\\Database\\Console\\Migrations\\MigrateCommand->runMigrations()
#25 /Users/stellaning/work/Facebook whatsApp/social_media_saas_admin/backend/vendor/laravel/framework/src/Illuminate/Container/BoundMethod.php(36): Illuminate\\Database\\Console\\Migrations\\MigrateCommand->handle()
#26 /Users/stellaning/work/Facebook whatsApp/social_media_saas_admin/backend/vendor/laravel/framework/src/Illuminate/Container/Util.php(43): Illuminate\\Container\\BoundMethod::Illuminate\\Container\\{closure}()
#27 /Users/stellaning/work/Facebook whatsApp/social_media_saas_admin/backend/vendor/laravel/framework/src/Illuminate/Container/BoundMethod.php(95): Illuminate\\Container\\Util::unwrapIfClosure(Object(Closure))
#28 /Users/stellaning/work/Facebook whatsApp/social_media_saas_admin/backend/vendor/laravel/framework/src/Illuminate/Container/BoundMethod.php(35): Illuminate\\Container\\BoundMethod::callBoundMethod(Object(Illuminate\\Foundation\\Application), Array, Object(Closure))
#29 /Users/stellaning/work/Facebook whatsApp/social_media_saas_admin/backend/vendor/laravel/framework/src/Illuminate/Container/Container.php(696): Illuminate\\Container\\BoundMethod::call(Object(Illuminate\\Foundation\\Application), Array, Array, NULL)
#30 /Users/stellaning/work/Facebook whatsApp/social_media_saas_admin/backend/vendor/laravel/framework/src/Illuminate/Console/Command.php(213): Illuminate\\Container\\Container->call(Array)
#31 /Users/stellaning/work/Facebook whatsApp/social_media_saas_admin/backend/vendor/symfony/console/Command/Command.php(341): Illuminate\\Console\\Command->execute(Object(Symfony\\Component\\Console\\Input\\ArgvInput), Object(Illuminate\\Console\\OutputStyle))
#32 /Users/stellaning/work/Facebook whatsApp/social_media_saas_admin/backend/vendor/laravel/framework/src/Illuminate/Console/Command.php(182): Symfony\\Component\\Console\\Command\\Command->run(Object(Symfony\\Component\\Console\\Input\\ArgvInput), Object(Illuminate\\Console\\OutputStyle))
#33 /Users/stellaning/work/Facebook whatsApp/social_media_saas_admin/backend/vendor/symfony/console/Application.php(1117): Illuminate\\Console\\Command->run(Object(Symfony\\Component\\Console\\Input\\ArgvInput), Object(Symfony\\Component\\Console\\Output\\ConsoleOutput))
#34 /Users/stellaning/work/Facebook whatsApp/social_media_saas_admin/backend/vendor/symfony/console/Application.php(356): Symfony\\Component\\Console\\Application->doRunCommand(Object(Illuminate\\Database\\Console\\Migrations\\MigrateCommand), Object(Symfony\\Component\\Console\\Input\\ArgvInput), Object(Symfony\\Component\\Console\\Output\\ConsoleOutput))
#35 /Users/stellaning/work/Facebook whatsApp/social_media_saas_admin/backend/vendor/symfony/console/Application.php(195): Symfony\\Component\\Console\\Application->doRun(Object(Symfony\\Component\\Console\\Input\\ArgvInput), Object(Symfony\\Component\\Console\\Output\\ConsoleOutput))
#36 /Users/stellaning/work/Facebook whatsApp/social_media_saas_admin/backend/vendor/laravel/framework/src/Illuminate/Foundation/Console/Kernel.php(198): Symfony\\Component\\Console\\Application->run(Object(Symfony\\Component\\Console\\Input\\ArgvInput), Object(Symfony\\Component\\Console\\Output\\ConsoleOutput))
#37 /Users/stellaning/work/Facebook whatsApp/social_media_saas_admin/backend/vendor/laravel/framework/src/Illuminate/Foundation/Application.php(1235): Illuminate\\Foundation\\Console\\Kernel->handle(Object(Symfony\\Component\\Console\\Input\\ArgvInput), Object(Symfony\\Component\\Console\\Output\\ConsoleOutput))
#38 /Users/stellaning/work/Facebook whatsApp/social_media_saas_admin/backend/artisan(14): Illuminate\\Foundation\\Application->handleCommand(Object(Symfony\\Component\\Console\\Input\\ArgvInput))
#39 {main}
"} 
[2026-08-04 16:11:05] local.ERROR: Database connection [=mySql] not configured. {"exception":"[object] (InvalidArgumentException(code: 0): Database connection [=mySql] not configured. at /Users/stellaning/work/Facebook whatsApp/social_media_saas_admin/backend/vendor/laravel/framework/src/Illuminate/Database/DatabaseManager.php:227)
[stacktrace]
#0 /Users/stellaning/work/Facebook whatsApp/social_media_saas_admin/backend/vendor/laravel/framework/src/Illuminate/Database/DatabaseManager.php(191): Illuminate\\Database\\DatabaseManager->configuration('=mySql')
#1 /Users/stellaning/work/Facebook whatsApp/social_media_saas_admin/backend/vendor/laravel/framework/src/Illuminate/Database/DatabaseManager.php(103): Illuminate\\Database\\DatabaseManager->makeConnection('=mySql')
#2 /Users/stellaning/work/Facebook whatsApp/social_media_saas_admin/backend/vendor/laravel/framework/src/Illuminate/Database/Migrations/DatabaseMigrationRepository.php(226): Illuminate\\Database\\DatabaseManager->connection('=mySql')
#3 /Users/stellaning/work/Facebook whatsApp/social_media_saas_admin/backend/vendor/laravel/framework/src/Illuminate/Database/Migrations/DatabaseMigrationRepository.php(182): Illuminate\\Database\\Migrations\\DatabaseMigrationRepository->getConnection()
#4 /Users/stellaning/work/Facebook whatsApp/social_media_saas_admin/backend/vendor/laravel/framework/src/Illuminate/Database/Migrations/Migrator.php(742): Illuminate\\Database\\Migrations\\DatabaseMigrationRepository->repositoryExists()
#5 /Users/stellaning/work/Facebook whatsApp/social_media_saas_admin/backend/vendor/laravel/framework/src/Illuminate/Database/Console/Migrations/MigrateCommand.php(165): Illuminate\\Database\\Migrations\\Migrator->repositoryExists()
#6 /Users/stellaning/work/Facebook whatsApp/social_media_saas_admin/backend/vendor/laravel/framework/src/Illuminate/Support/helpers.php(338): Illuminate\\Database\\Console\\Migrations\\MigrateCommand->Illuminate\\Database\\Console\\Migrations\\{closure}(1)
#7 /Users/stellaning/work/Facebook whatsApp/social_media_saas_admin/backend/vendor/laravel/framework/src/Illuminate/Database/Console/Migrations/MigrateCommand.php(165): retry(1, Object(Closure), 0, Object(Closure))
#8 /Users/stellaning/work/Facebook whatsApp/social_media_saas_admin/backend/vendor/laravel/framework/src/Illuminate/Database/Console/Migrations/MigrateCommand.php(141): Illuminate\\Database\\Console\\Migrations\\MigrateCommand->repositoryExists()
#9 /Users/stellaning/work/Facebook whatsApp/social_media_saas_admin/backend/vendor/laravel/framework/src/Illuminate/Database/Console/Migrations/MigrateCommand.php(111): Illuminate\\Database\\Console\\Migrations\\MigrateCommand->prepareDatabase()
#10 /Users/stellaning/work/Facebook whatsApp/social_media_saas_admin/backend/vendor/laravel/framework/src/Illuminate/Database/Migrations/Migrator.php(658): Illuminate\\Database\\Console\\Migrations\\MigrateCommand->Illuminate\\Database\\Console\\Migrations\\{closure}()
#11 /Users/stellaning/work/Facebook whatsApp/social_media_saas_admin/backend/vendor/laravel/framework/src/Illuminate/Database/Console/Migrations/MigrateCommand.php(110): Illuminate\\Database\\Migrations\\Migrator->usingConnection(NULL, Object(Closure))
#12 /Users/stellaning/work/Facebook whatsApp/social_media_saas_admin/backend/vendor/laravel/framework/src/Illuminate/Database/Console/Migrations/MigrateCommand.php(89): Illuminate\\Database\\Console\\Migrations\\MigrateCommand->runMigrations()
#13 /Users/stellaning/work/Facebook whatsApp/social_media_saas_admin/backend/vendor/laravel/framework/src/Illuminate/Container/BoundMethod.php(36): Illuminate\\Database\\Console\\Migrations\\MigrateCommand->handle()
#14 /Users/stellaning/work/Facebook whatsApp/social_media_saas_admin/backend/vendor/laravel/framework/src/Illuminate/Container/Util.php(43): Illuminate\\Container\\BoundMethod::Illuminate\\Container\\{closure}()
#15 /Users/stellaning/work/Facebook whatsApp/social_media_saas_admin/backend/vendor/laravel/framework/src/Illuminate/Container/BoundMethod.php(95): Illuminate\\Container\\Util::unwrapIfClosure(Object(Closure))
#16 /Users/stellaning/work/Facebook whatsApp/social_media_saas_admin/backend/vendor/laravel/framework/src/Illuminate/Container/BoundMethod.php(35): Illuminate\\Container\\BoundMethod::callBoundMethod(Object(Illuminate\\Foundation\\Application), Array, Object(Closure))
#17 /Users/stellaning/work/Facebook whatsApp/social_media_saas_admin/backend/vendor/laravel/framework/src/Illuminate/Container/Container.php(696): Illuminate\\Container\\BoundMethod::call(Object(Illuminate\\Foundation\\Application), Array, Array, NULL)
#18 /Users/stellaning/work/Facebook whatsApp/social_media_saas_admin/backend/vendor/laravel/framework/src/Illuminate/Console/Command.php(213): Illuminate\\Container\\Container->call(Array)
#19 /Users/stellaning/work/Facebook whatsApp/social_media_saas_admin/backend/vendor/symfony/console/Command/Command.php(341): Illuminate\\Console\\Command->execute(Object(Symfony\\Component\\Console\\Input\\ArgvInput), Object(Illuminate\\Console\\OutputStyle))
#20 /Users/stellaning/work/Facebook whatsApp/social_media_saas_admin/backend/vendor/laravel/framework/src/Illuminate/Console/Command.php(182): Symfony\\Component\\Console\\Command\\Command->run(Object(Symfony\\Component\\Console\\Input\\ArgvInput), Object(Illuminate\\Console\\OutputStyle))
#21 /Users/stellaning/work/Facebook whatsApp/social_media_saas_admin/backend/vendor/symfony/console/Application.php(1117): Illuminate\\Console\\Command->run(Object(Symfony\\Component\\Console\\Input\\ArgvInput), Object(Symfony\\Component\\Console\\Output\\ConsoleOutput))
#22 /Users/stellaning/work/Facebook whatsApp/social_media_saas_admin/backend/vendor/symfony/console/Application.php(356): Symfony\\Component\\Console\\Application->doRunCommand(Object(Illuminate\\Database\\Console\\Migrations\\MigrateCommand), Object(Symfony\\Component\\Console\\Input\\ArgvInput), Object(Symfony\\Component\\Console\\Output\\ConsoleOutput))
#23 /Users/stellaning/work/Facebook whatsApp/social_media_saas_admin/backend/vendor/symfony/console/Application.php(195): Symfony\\Component\\Console\\Application->doRun(Object(Symfony\\Component\\Console\\Input\\ArgvInput), Object(Symfony\\Component\\Console\\Output\\ConsoleOutput))
#24 /Users/stellaning/work/Facebook whatsApp/social_media_saas_admin/backend/vendor/laravel/framework/src/Illuminate/Foundation/Console/Kernel.php(198): Symfony\\Component\\Console\\Application->run(Object(Symfony\\Component\\Console\\Input\\ArgvInput), Object(Symfony\\Component\\Console\\Output\\ConsoleOutput))
#25 /Users/stellaning/work/Facebook whatsApp/social_media_saas_admin/backend/vendor/laravel/framework/src/Illuminate/Foundation/Application.php(1235): Illuminate\\Foundation\\Console\\Kernel->handle(Object(Symfony\\Component\\Console\\Input\\ArgvInput), Object(Symfony\\Component\\Console\\Output\\ConsoleOutput))
#26 /Users/stellaning/work/Facebook whatsApp/social_media_saas_admin/backend/artisan(14): Illuminate\\Foundation\\Application->handleCommand(Object(Symfony\\Component\\Console\\Input\\ArgvInput))
#27 {main}
"} 
[2026-08-04 16:13:28] local.ERROR: Database connection [=mySql] not configured. {"exception":"[object] (InvalidArgumentException(code: 0): Database connection [=mySql] not configured. at /Users/stellaning/work/Facebook whatsApp/social_media_saas_admin/backend/vendor/laravel/framework/src/Illuminate/Database/DatabaseManager.php:227)
[stacktrace]
#0 /Users/stellaning/work/Facebook whatsApp/social_media_saas_admin/backend/vendor/laravel/framework/src/Illuminate/Database/DatabaseManager.php(191): Illuminate\\Database\\DatabaseManager->configuration('=mySql')
#1 /Users/stellaning/work/Facebook whatsApp/social_media_saas_admin/backend/vendor/laravel/framework/src/Illuminate/Database/DatabaseManager.php(103): Illuminate\\Database\\DatabaseManager->makeConnection('=mySql')
#2 /Users/stellaning/work/Facebook whatsApp/social_media_saas_admin/backend/vendor/laravel/framework/src/Illuminate/Database/Migrations/DatabaseMigrationRepository.php(226): Illuminate\\Database\\DatabaseManager->connection('=mySql')
#3 /Users/stellaning/work/Facebook whatsApp/social_media_saas_admin/backend/vendor/laravel/framework/src/Illuminate/Database/Migrations/DatabaseMigrationRepository.php(182): Illuminate\\Database\\Migrations\\DatabaseMigrationRepository->getConnection()
#4 /Users/stellaning/work/Facebook whatsApp/social_media_saas_admin/backend/vendor/laravel/framework/src/Illuminate/Database/Migrations/Migrator.php(742): Illuminate\\Database\\Migrations\\DatabaseMigrationRepository->repositoryExists()
#5 /Users/stellaning/work/Facebook whatsApp/social_media_saas_admin/backend/vendor/laravel/framework/src/Illuminate/Database/Console/Migrations/MigrateCommand.php(165): Illuminate\\Database\\Migrations\\Migrator->repositoryExists()
#6 /Users/stellaning/work/Facebook whatsApp/social_media_saas_admin/backend/vendor/laravel/framework/src/Illuminate/Support/helpers.php(338): Illuminate\\Database\\Console\\Migrations\\MigrateCommand->Illuminate\\Database\\Console\\Migrations\\{closure}(1)
#7 /Users/stellaning/work/Facebook whatsApp/social_media_saas_admin/backend/vendor/laravel/framework/src/Illuminate/Database/Console/Migrations/MigrateCommand.php(165): retry(1, Object(Closure), 0, Object(Closure))
#8 /Users/stellaning/work/Facebook whatsApp/social_media_saas_admin/backend/vendor/laravel/framework/src/Illuminate/Database/Console/Migrations/MigrateCommand.php(141): Illuminate\\Database\\Console\\Migrations\\MigrateCommand->repositoryExists()
#9 /Users/stellaning/work/Facebook whatsApp/social_media_saas_admin/backend/vendor/laravel/framework/src/Illuminate/Database/Console/Migrations/MigrateCommand.php(111): Illuminate\\Database\\Console\\Migrations\\MigrateCommand->prepareDatabase()
#10 /Users/stellaning/work/Facebook whatsApp/social_media_saas_admin/backend/vendor/laravel/framework/src/Illuminate/Database/Migrations/Migrator.php(658): Illuminate\\Database\\Console\\Migrations\\MigrateCommand->Illuminate\\Database\\Console\\Migrations\\{closure}()
#11 /Users/stellaning/work/Facebook whatsApp/social_media_saas_admin/backend/vendor/laravel/framework/src/Illuminate/Database/Console/Migrations/MigrateCommand.php(110): Illuminate\\Database\\Migrations\\Migrator->usingConnection(NULL, Object(Closure))
#12 /Users/stellaning/work/Facebook whatsApp/social_media_saas_admin/backend/vendor/laravel/framework/src/Illuminate/Database/Console/Migrations/MigrateCommand.php(89): Illuminate\\Database\\Console\\Migrations\\MigrateCommand->runMigrations()
#13 /Users/stellaning/work/Facebook whatsApp/social_media_saas_admin/backend/vendor/laravel/framework/src/Illuminate/Container/BoundMethod.php(36): Illuminate\\Database\\Console\\Migrations\\MigrateCommand->handle()
#14 /Users/stellaning/work/Facebook whatsApp/social_media_saas_admin/backend/vendor/laravel/framework/src/Illuminate/Container/Util.php(43): Illuminate\\Container\\BoundMethod::Illuminate\\Container\\{closure}()
#15 /Users/stellaning/work/Facebook whatsApp/social_media_saas_admin/backend/vendor/laravel/framework/src/Illuminate/Container/BoundMethod.php(95): Illuminate\\Container\\Util::unwrapIfClosure(Object(Closure))
#16 /Users/stellaning/work/Facebook whatsApp/social_media_saas_admin/backend/vendor/laravel/framework/src/Illuminate/Container/BoundMethod.php(35): Illuminate\\Container\\BoundMethod::callBoundMethod(Object(Illuminate\\Foundation\\Application), Array, Object(Closure))
#17 /Users/stellaning/work/Facebook whatsApp/social_media_saas_admin/backend/vendor/laravel/framework/src/Illuminate/Container/Container.php(696): Illuminate\\Container\\BoundMethod::call(Object(Illuminate\\Foundation\\Application), Array, Array, NULL)
#18 /Users/stellaning/work/Facebook whatsApp/social_media_saas_admin/backend/vendor/laravel/framework/src/Illuminate/Console/Command.php(213): Illuminate\\Container\\Container->call(Array)
#19 /Users/stellaning/work/Facebook whatsApp/social_media_saas_admin/backend/vendor/symfony/console/Command/Command.php(341): Illuminate\\Console\\Command->execute(Object(Symfony\\Component\\Console\\Input\\ArgvInput), Object(Illuminate\\Console\\OutputStyle))
#20 /Users/stellaning/work/Facebook whatsApp/social_media_saas_admin/backend/vendor/laravel/framework/src/Illuminate/Console/Command.php(182): Symfony\\Component\\Console\\Command\\Command->run(Object(Symfony\\Component\\Console\\Input\\ArgvInput), Object(Illuminate\\Console\\OutputStyle))
#21 /Users/stellaning/work/Facebook whatsApp/social_media_saas_admin/backend/vendor/symfony/console/Application.php(1117): Illuminate\\Console\\Command->run(Object(Symfony\\Component\\Console\\Input\\ArgvInput), Object(Symfony\\Component\\Console\\Output\\ConsoleOutput))
#22 /Users/stellaning/work/Facebook whatsApp/social_media_saas_admin/backend/vendor/symfony/console/Application.php(356): Symfony\\Component\\Console\\Application->doRunCommand(Object(Illuminate\\Database\\Console\\Migrations\\MigrateCommand), Object(Symfony\\Component\\Console\\Input\\ArgvInput), Object(Symfony\\Component\\Console\\Output\\ConsoleOutput))
#23 /Users/stellaning/work/Facebook whatsApp/social_media_saas_admin/backend/vendor/symfony/console/Application.php(195): Symfony\\Component\\Console\\Application->doRun(Object(Symfony\\Component\\Console\\Input\\ArgvInput), Object(Symfony\\Component\\Console\\Output\\ConsoleOutput))
#24 /Users/stellaning/work/Facebook whatsApp/social_media_saas_admin/backend/vendor/laravel/framework/src/Illuminate/Foundation/Console/Kernel.php(198): Symfony\\Component\\Console\\Application->run(Object(Symfony\\Component\\Console\\Input\\ArgvInput), Object(Symfony\\Component\\Console\\Output\\ConsoleOutput))
#25 /Users/stellaning/work/Facebook whatsApp/social_media_saas_admin/backend/vendor/laravel/framework/src/Illuminate/Foundation/Application.php(1235): Illuminate\\Foundation\\Console\\Kernel->handle(Object(Symfony\\Component\\Console\\Input\\ArgvInput), Object(Symfony\\Component\\Console\\Output\\ConsoleOutput))
#26 /Users/stellaning/work/Facebook whatsApp/social_media_saas_admin/backend/artisan(14): Illuminate\\Foundation\\Application->handleCommand(Object(Symfony\\Component\\Console\\Input\\ArgvInput))
#27 {main}
"} 
[2026-08-04 16:13:48] local.ERROR: Database connection [mySql] not configured. {"exception":"[object] (InvalidArgumentException(code: 0): Database connection [mySql] not configured. at /Users/stellaning/work/Facebook whatsApp/social_media_saas_admin/backend/vendor/laravel/framework/src/Illuminate/Database/DatabaseManager.php:227)
[stacktrace]
#0 /Users/stellaning/work/Facebook whatsApp/social_media_saas_admin/backend/vendor/laravel/framework/src/Illuminate/Database/DatabaseManager.php(191): Illuminate\\Database\\DatabaseManager->configuration('mySql')
#1 /Users/stellaning/work/Facebook whatsApp/social_media_saas_admin/backend/vendor/laravel/framework/src/Illuminate/Database/DatabaseManager.php(103): Illuminate\\Database\\DatabaseManager->makeConnection('mySql')
#2 /Users/stellaning/work/Facebook whatsApp/social_media_saas_admin/backend/vendor/laravel/framework/src/Illuminate/Database/Migrations/DatabaseMigrationRepository.php(226): Illuminate\\Database\\DatabaseManager->connection('mySql')
#3 /Users/stellaning/work/Facebook whatsApp/social_media_saas_admin/backend/vendor/laravel/framework/src/Illuminate/Database/Migrations/DatabaseMigrationRepository.php(182): Illuminate\\Database\\Migrations\\DatabaseMigrationRepository->getConnection()
#4 /Users/stellaning/work/Facebook whatsApp/social_media_saas_admin/backend/vendor/laravel/framework/src/Illuminate/Database/Migrations/Migrator.php(742): Illuminate\\Database\\Migrations\\DatabaseMigrationRepository->repositoryExists()
#5 /Users/stellaning/work/Facebook whatsApp/social_media_saas_admin/backend/vendor/laravel/framework/src/Illuminate/Database/Console/Migrations/MigrateCommand.php(165): Illuminate\\Database\\Migrations\\Migrator->repositoryExists()
#6 /Users/stellaning/work/Facebook whatsApp/social_media_saas_admin/backend/vendor/laravel/framework/src/Illuminate/Support/helpers.php(338): Illuminate\\Database\\Console\\Migrations\\MigrateCommand->Illuminate\\Database\\Console\\Migrations\\{closure}(1)
#7 /Users/stellaning/work/Facebook whatsApp/social_media_saas_admin/backend/vendor/laravel/framework/src/Illuminate/Database/Console/Migrations/MigrateCommand.php(165): retry(1, Object(Closure), 0, Object(Closure))
#8 /Users/stellaning/work/Facebook whatsApp/social_media_saas_admin/backend/vendor/laravel/framework/src/Illuminate/Database/Console/Migrations/MigrateCommand.php(141): Illuminate\\Database\\Console\\Migrations\\MigrateCommand->repositoryExists()
#9 /Users/stellaning/work/Facebook whatsApp/social_media_saas_admin/backend/vendor/laravel/framework/src/Illuminate/Database/Console/Migrations/MigrateCommand.php(111): Illuminate\\Database\\Console\\Migrations\\MigrateCommand->prepareDatabase()
#10 /Users/stellaning/work/Facebook whatsApp/social_media_saas_admin/backend/vendor/laravel/framework/src/Illuminate/Database/Migrations/Migrator.php(658): Illuminate\\Database\\Console\\Migrations\\MigrateCommand->Illuminate\\Database\\Console\\Migrations\\{closure}()
#11 /Users/stellaning/work/Facebook whatsApp/social_media_saas_admin/backend/vendor/laravel/framework/src/Illuminate/Database/Console/Migrations/MigrateCommand.php(110): Illuminate\\Database\\Migrations\\Migrator->usingConnection(NULL, Object(Closure))
#12 /Users/stellaning/work/Facebook whatsApp/social_media_saas_admin/backend/vendor/laravel/framework/src/Illuminate/Database/Console/Migrations/MigrateCommand.php(89): Illuminate\\Database\\Console\\Migrations\\MigrateCommand->runMigrations()
#13 /Users/stellaning/work/Facebook whatsApp/social_media_saas_admin/backend/vendor/laravel/framework/src/Illuminate/Container/BoundMethod.php(36): Illuminate\\Database\\Console\\Migrations\\MigrateCommand->handle()
#14 /Users/stellaning/work/Facebook whatsApp/social_media_saas_admin/backend/vendor/laravel/framework/src/Illuminate/Container/Util.php(43): Illuminate\\Container\\BoundMethod::Illuminate\\Container\\{closure}()
#15 /Users/stellaning/work/Facebook whatsApp/social_media_saas_admin/backend/vendor/laravel/framework/src/Illuminate/Container/BoundMethod.php(95): Illuminate\\Container\\Util::unwrapIfClosure(Object(Closure))
#16 /Users/stellaning/work/Facebook whatsApp/social_media_saas_admin/backend/vendor/laravel/framework/src/Illuminate/Container/BoundMethod.php(35): Illuminate\\Container\\BoundMethod::callBoundMethod(Object(Illuminate\\Foundation\\Application), Array, Object(Closure))
#17 /Users/stellaning/work/Facebook whatsApp/social_media_saas_admin/backend/vendor/laravel/framework/src/Illuminate/Container/Container.php(696): Illuminate\\Container\\BoundMethod::call(Object(Illuminate\\Foundation\\Application), Array, Array, NULL)
#18 /Users/stellaning/work/Facebook whatsApp/social_media_saas_admin/backend/vendor/laravel/framework/src/Illuminate/Console/Command.php(213): Illuminate\\Container\\Container->call(Array)
#19 /Users/stellaning/work/Facebook whatsApp/social_media_saas_admin/backend/vendor/symfony/console/Command/Command.php(341): Illuminate\\Console\\Command->execute(Object(Symfony\\Component\\Console\\Input\\ArgvInput), Object(Illuminate\\Console\\OutputStyle))
#20 /Users/stellaning/work/Facebook whatsApp/social_media_saas_admin/backend/vendor/laravel/framework/src/Illuminate/Console/Command.php(182): Symfony\\Component\\Console\\Command\\Command->run(Object(Symfony\\Component\\Console\\Input\\ArgvInput), Object(Illuminate\\Console\\OutputStyle))
#21 /Users/stellaning/work/Facebook whatsApp/social_media_saas_admin/backend/vendor/symfony/console/Application.php(1117): Illuminate\\Console\\Command->run(Object(Symfony\\Component\\Console\\Input\\ArgvInput), Object(Symfony\\Component\\Console\\Output\\ConsoleOutput))
#22 /Users/stellaning/work/Facebook whatsApp/social_media_saas_admin/backend/vendor/symfony/console/Application.php(356): Symfony\\Component\\Console\\Application->doRunCommand(Object(Illuminate\\Database\\Console\\Migrations\\MigrateCommand), Object(Symfony\\Component\\Console\\Input\\ArgvInput), Object(Symfony\\Component\\Console\\Output\\ConsoleOutput))
#23 /Users/stellaning/work/Facebook whatsApp/social_media_saas_admin/backend/vendor/symfony/console/Application.php(195): Symfony\\Component\\Console\\Application->doRun(Object(Symfony\\Component\\Console\\Input\\ArgvInput), Object(Symfony\\Component\\Console\\Output\\ConsoleOutput))
#24 /Users/stellaning/work/Facebook whatsApp/social_media_saas_admin/backend/vendor/laravel/framework/src/Illuminate/Foundation/Console/Kernel.php(198): Symfony\\Component\\Console\\Application->run(Object(Symfony\\Component\\Console\\Input\\ArgvInput), Object(Symfony\\Component\\Console\\Output\\ConsoleOutput))
#25 /Users/stellaning/work/Facebook whatsApp/social_media_saas_admin/backend/vendor/laravel/framework/src/Illuminate/Foundation/Application.php(1235): Illuminate\\Foundation\\Console\\Kernel->handle(Object(Symfony\\Component\\Console\\Input\\ArgvInput), Object(Symfony\\Component\\Console\\Output\\ConsoleOutput))
#26 /Users/stellaning/work/Facebook whatsApp/social_media_saas_admin/backend/artisan(14): Illuminate\\Foundation\\Application->handleCommand(Object(Symfony\\Component\\Console\\Input\\ArgvInput))
#27 {main}
"} 
[2026-08-04 16:19:30] local.ERROR: Class "Redis" not found {"exception":"[object] (Error(code: 0): Class \"Redis\" not found at /Users/stellaning/work/Facebook whatsApp/social_media_saas_admin/backend/vendor/laravel/framework/src/Illuminate/Redis/Connectors/PhpRedisConnector.php:79)
[stacktrace]
#0 /Users/stellaning/work/Facebook whatsApp/social_media_saas_admin/backend/vendor/laravel/framework/src/Illuminate/Redis/Connectors/PhpRedisConnector.php(33): Illuminate\\Redis\\Connectors\\PhpRedisConnector->createClient(Array)
#1 /Users/stellaning/work/Facebook whatsApp/social_media_saas_admin/backend/vendor/laravel/framework/src/Illuminate/Redis/Connectors/PhpRedisConnector.php(38): Illuminate\\Redis\\Connectors\\PhpRedisConnector->Illuminate\\Redis\\Connectors\\{closure}()
#2 /Users/stellaning/work/Facebook whatsApp/social_media_saas_admin/backend/vendor/laravel/framework/src/Illuminate/Redis/RedisManager.php(110): Illuminate\\Redis\\Connectors\\PhpRedisConnector->connect(Array, Array)
#3 /Users/stellaning/work/Facebook whatsApp/social_media_saas_admin/backend/vendor/laravel/framework/src/Illuminate/Redis/RedisManager.php(91): Illuminate\\Redis\\RedisManager->resolve('default')
#4 /Users/stellaning/work/Facebook whatsApp/social_media_saas_admin/backend/vendor/laravel/framework/src/Illuminate/Cache/RedisStore.php(357): Illuminate\\Redis\\RedisManager->connection('default')
#5 /Users/stellaning/work/Facebook whatsApp/social_media_saas_admin/backend/vendor/laravel/framework/src/Illuminate/Cache/RedisStore.php(71): Illuminate\\Cache\\RedisStore->connection()
#6 /Users/stellaning/work/Facebook whatsApp/social_media_saas_admin/backend/vendor/laravel/framework/src/Illuminate/Cache/Repository.php(117): Illuminate\\Cache\\RedisStore->get('V5nHiSOWl6Ep06a...')
#7 /Users/stellaning/work/Facebook whatsApp/social_media_saas_admin/backend/vendor/laravel/framework/src/Illuminate/Session/CacheBasedSessionHandler.php(64): Illuminate\\Cache\\Repository->get('V5nHiSOWl6Ep06a...', '')
#8 /Users/stellaning/work/Facebook whatsApp/social_media_saas_admin/backend/vendor/laravel/framework/src/Illuminate/Session/Store.php(117): Illuminate\\Session\\CacheBasedSessionHandler->read('V5nHiSOWl6Ep06a...')
#9 /Users/stellaning/work/Facebook whatsApp/social_media_saas_admin/backend/vendor/laravel/framework/src/Illuminate/Session/Store.php(105): Illuminate\\Session\\Store->readFromHandler()
#10 /Users/stellaning/work/Facebook whatsApp/social_media_saas_admin/backend/vendor/laravel/framework/src/Illuminate/Session/Store.php(89): Illuminate\\Session\\Store->loadSession()
#11 /Users/stellaning/work/Facebook whatsApp/social_media_saas_admin/backend/vendor/laravel/framework/src/Illuminate/Session/Middleware/StartSession.php(147): Illuminate\\Session\\Store->start()
#12 /Users/stellaning/work/Facebook whatsApp/social_media_saas_admin/backend/vendor/laravel/framework/src/Illuminate/Support/helpers.php(399): Illuminate\\Session\\Middleware\\StartSession->Illuminate\\Session\\Middleware\\{closure}(Object(Illuminate\\Session\\Store))
#13 /Users/stellaning/work/Facebook whatsApp/social_media_saas_admin/backend/vendor/laravel/framework/src/Illuminate/Session/Middleware/StartSession.php(144): tap(Object(Illuminate\\Session\\Store), Object(Closure))
#14 /Users/stellaning/work/Facebook whatsApp/social_media_saas_admin/backend/vendor/laravel/framework/src/Illuminate/Session/Middleware/StartSession.php(116): Illuminate\\Session\\Middleware\\StartSession->startSession(Object(Illuminate\\Http\\Request), Object(Illuminate\\Session\\Store))
#15 /Users/stellaning/work/Facebook whatsApp/social_media_saas_admin/backend/vendor/laravel/framework/src/Illuminate/Session/Middleware/StartSession.php(64): Illuminate\\Session\\Middleware\\StartSession->handleStatefulRequest(Object(Illuminate\\Http\\Request), Object(Illuminate\\Session\\Store), Object(Closure))
#16 /Users/stellaning/work/Facebook whatsApp/social_media_saas_admin/backend/vendor/laravel/framework/src/Illuminate/Pipeline/Pipeline.php(209): Illuminate\\Session\\Middleware\\StartSession->handle(Object(Illuminate\\Http\\Request), Object(Closure))
#17 /Users/stellaning/work/Facebook whatsApp/social_media_saas_admin/backend/vendor/laravel/framework/src/Illuminate/Cookie/Middleware/AddQueuedCookiesToResponse.php(37): Illuminate\\Pipeline\\Pipeline->Illuminate\\Pipeline\\{closure}(Object(Illuminate\\Http\\Request))
#18 /Users/stellaning/work/Facebook whatsApp/social_media_saas_admin/backend/vendor/laravel/framework/src/Illuminate/Pipeline/Pipeline.php(209): Illuminate\\Cookie\\Middleware\\AddQueuedCookiesToResponse->handle(Object(Illuminate\\Http\\Request), Object(Closure))
#19 /Users/stellaning/work/Facebook whatsApp/social_media_saas_admin/backend/vendor/laravel/framework/src/Illuminate/Cookie/Middleware/EncryptCookies.php(75): Illuminate\\Pipeline\\Pipeline->Illuminate\\Pipeline\\{closure}(Object(Illuminate\\Http\\Request))
#20 /Users/stellaning/work/Facebook whatsApp/social_media_saas_admin/backend/vendor/laravel/framework/src/Illuminate/Pipeline/Pipeline.php(209): Illuminate\\Cookie\\Middleware\\EncryptCookies->handle(Object(Illuminate\\Http\\Request), Object(Closure))
#21 /Users/stellaning/work/Facebook whatsApp/social_media_saas_admin/backend/vendor/laravel/sanctum/src/Http/Middleware/EnsureFrontendRequestsAreStateful.php(61): Illuminate\\Pipeline\\Pipeline->Illuminate\\Pipeline\\{closure}(Object(Illuminate\\Http\\Request))
#22 /Users/stellaning/work/Facebook whatsApp/social_media_saas_admin/backend/vendor/laravel/framework/src/Illuminate/Pipeline/Pipeline.php(191): Laravel\\Sanctum\\Http\\Middleware\\EnsureFrontendRequestsAreStateful->Laravel\\Sanctum\\Http\\Middleware\\{closure}(Object(Illuminate\\Http\\Request), Object(Closure))
#23 /Users/stellaning/work/Facebook whatsApp/social_media_saas_admin/backend/vendor/laravel/framework/src/Illuminate/Pipeline/Pipeline.php(127): Illuminate\\Pipeline\\Pipeline->Illuminate\\Pipeline\\{closure}(Object(Illuminate\\Http\\Request))
#24 /Users/stellaning/work/Facebook whatsApp/social_media_saas_admin/backend/vendor/laravel/sanctum/src/Http/Middleware/EnsureFrontendRequestsAreStateful.php(25): Illuminate\\Pipeline\\Pipeline->then(Object(Closure))
#25 /Users/stellaning/work/Facebook whatsApp/social_media_saas_admin/backend/vendor/laravel/framework/src/Illuminate/Pipeline/Pipeline.php(209): Laravel\\Sanctum\\Http\\Middleware\\EnsureFrontendRequestsAreStateful->handle(Object(Illuminate\\Http\\Request), Object(Closure))
#26 /Users/stellaning/work/Facebook whatsApp/social_media_saas_admin/backend/vendor/laravel/framework/src/Illuminate/Pipeline/Pipeline.php(127): Illuminate\\Pipeline\\Pipeline->Illuminate\\Pipeline\\{closure}(Object(Illuminate\\Http\\Request))
#27 /Users/stellaning/work/Facebook whatsApp/social_media_saas_admin/backend/vendor/laravel/framework/src/Illuminate/Routing/Router.php(807): Illuminate\\Pipeline\\Pipeline->then(Object(Closure))
#28 /Users/stellaning/work/Facebook whatsApp/social_media_saas_admin/backend/vendor/laravel/framework/src/Illuminate/Routing/Router.php(786): Illuminate\\Routing\\Router->runRouteWithinStack(Object(Illuminate\\Routing\\Route), Object(Illuminate\\Http\\Request))
#29 /Users/stellaning/work/Facebook whatsApp/social_media_saas_admin/backend/vendor/laravel/framework/src/Illuminate/Routing/Router.php(750): Illuminate\\Routing\\Router->runRoute(Object(Illuminate\\Http\\Request), Object(Illuminate\\Routing\\Route))
#30 /Users/stellaning/work/Facebook whatsApp/social_media_saas_admin/backend/vendor/laravel/framework/src/Illuminate/Routing/Router.php(739): Illuminate\\Routing\\Router->dispatchToRoute(Object(Illuminate\\Http\\Request))
#31 /Users/stellaning/work/Facebook whatsApp/social_media_saas_admin/backend/vendor/laravel/framework/src/Illuminate/Foundation/Http/Kernel.php(201): Illuminate\\Routing\\Router->dispatch(Object(Illuminate\\Http\\Request))
#32 /Users/stellaning/work/Facebook whatsApp/social_media_saas_admin/backend/vendor/laravel/framework/src/Illuminate/Pipeline/Pipeline.php(170): Illuminate\\Foundation\\Http\\Kernel->Illuminate\\Foundation\\Http\\{closure}(Object(Illuminate\\Http\\Request))
#33 /Users/stellaning/work/Facebook whatsApp/social_media_saas_admin/backend/vendor/laravel/framework/src/Illuminate/Foundation/Http/Middleware/TransformsRequest.php(21): Illuminate\\Pipeline\\Pipeline->Illuminate\\Pipeline\\{closure}(Object(Illuminate\\Http\\Request))
#34 /Users/stellaning/work/Facebook whatsApp/social_media_saas_admin/backend/vendor/laravel/framework/src/Illuminate/Foundation/Http/Middleware/ConvertEmptyStringsToNull.php(31): Illuminate\\Foundation\\Http\\Middleware\\TransformsRequest->handle(Object(Illuminate\\Http\\Request), Object(Closure))
#35 /Users/stellaning/work/Facebook whatsApp/social_media_saas_admin/backend/vendor/laravel/framework/src/Illuminate/Pipeline/Pipeline.php(209): Illuminate\\Foundation\\Http\\Middleware\\ConvertEmptyStringsToNull->handle(Object(Illuminate\\Http\\Request), Object(Closure))
#36 /Users/stellaning/work/Facebook whatsApp/social_media_saas_admin/backend/vendor/laravel/framework/src/Illuminate/Foundation/Http/Middleware/TransformsRequest.php(21): Illuminate\\Pipeline\\Pipeline->Illuminate\\Pipeline\\{closure}(Object(Illuminate\\Http\\Request))
#37 /Users/stellaning/work/Facebook whatsApp/social_media_saas_admin/backend/vendor/laravel/framework/src/Illuminate/Foundation/Http/Middleware/TrimStrings.php(51): Illuminate\\Foundation\\Http\\Middleware\\TransformsRequest->handle(Object(Illuminate\\Http\\Request), Object(Closure))
#38 /Users/stellaning/work/Facebook whatsApp/social_media_saas_admin/backend/vendor/laravel/framework/src/Illuminate/Pipeline/Pipeline.php(209): Illuminate\\Foundation\\Http\\Middleware\\TrimStrings->handle(Object(Illuminate\\Http\\Request), Object(Closure))
#39 /Users/stellaning/work/Facebook whatsApp/social_media_saas_admin/backend/vendor/laravel/framework/src/Illuminate/Http/Middleware/ValidatePostSize.php(27): Illuminate\\Pipeline\\Pipeline->Illuminate\\Pipeline\\{closure}(Object(Illuminate\\Http\\Request))
#40 /Users/stellaning/work/Facebook whatsApp/social_media_saas_admin/backend/vendor/laravel/framework/src/Illuminate/Pipeline/Pipeline.php(209): Illuminate\\Http\\Middleware\\ValidatePostSize->handle(Object(Illuminate\\Http\\Request), Object(Closure))
#41 /Users/stellaning/work/Facebook whatsApp/social_media_saas_admin/backend/vendor/laravel/framework/src/Illuminate/Foundation/Http/Middleware/PreventRequestsDuringMaintenance.php(110): Illuminate\\Pipeline\\Pipeline->Illuminate\\Pipeline\\{closure}(Object(Illuminate\\Http\\Request))
#42 /Users/stellaning/work/Facebook whatsApp/social_media_saas_admin/backend/vendor/laravel/framework/src/Illuminate/Pipeline/Pipeline.php(209): Illuminate\\Foundation\\Http\\Middleware\\PreventRequestsDuringMaintenance->handle(Object(Illuminate\\Http\\Request), Object(Closure))
#43 /Users/stellaning/work/Facebook whatsApp/social_media_saas_admin/backend/vendor/laravel/framework/src/Illuminate/Http/Middleware/HandleCors.php(62): Illuminate\\Pipeline\\Pipeline->Illuminate\\Pipeline\\{closure}(Object(Illuminate\\Http\\Request))
#44 /Users/stellaning/work/Facebook whatsApp/social_media_saas_admin/backend/vendor/laravel/framework/src/Illuminate/Pipeline/Pipeline.php(209): Illuminate\\Http\\Middleware\\HandleCors->handle(Object(Illuminate\\Http\\Request), Object(Closure))
#45 /Users/stellaning/work/Facebook whatsApp/social_media_saas_admin/backend/vendor/laravel/framework/src/Illuminate/Http/Middleware/TrustProxies.php(58): Illuminate\\Pipeline\\Pipeline->Illuminate\\Pipeline\\{closure}(Object(Illuminate\\Http\\Request))
#46 /Users/stellaning/work/Facebook whatsApp/social_media_saas_admin/backend/vendor/laravel/framework/src/Illuminate/Pipeline/Pipeline.php(209): Illuminate\\Http\\Middleware\\TrustProxies->handle(Object(Illuminate\\Http\\Request), Object(Closure))
#47 /Users/stellaning/work/Facebook whatsApp/social_media_saas_admin/backend/vendor/laravel/framework/src/Illuminate/Foundation/Http/Middleware/InvokeDeferredCallbacks.php(22): Illuminate\\Pipeline\\Pipeline->Illuminate\\Pipeline\\{closure}(Object(Illuminate\\Http\\Request))
#48 /Users/stellaning/work/Facebook whatsApp/social_media_saas_admin/backend/vendor/laravel/framework/src/Illuminate/Pipeline/Pipeline.php(209): Illuminate\\Foundation\\Http\\Middleware\\InvokeDeferredCallbacks->handle(Object(Illuminate\\Http\\Request), Object(Closure))
#49 /Users/stellaning/work/Facebook whatsApp/social_media_saas_admin/backend/vendor/laravel/framework/src/Illuminate/Pipeline/Pipeline.php(127): Illuminate\\Pipeline\\Pipeline->Illuminate\\Pipeline\\{closure}(Object(Illuminate\\Http\\Request))
#50 /Users/stellaning/work/Facebook whatsApp/social_media_saas_admin/backend/vendor/laravel/framework/src/Illuminate/Foundation/Http/Kernel.php(176): Illuminate\\Pipeline\\Pipeline->then(Object(Closure))
#51 /Users/stellaning/work/Facebook whatsApp/social_media_saas_admin/backend/vendor/laravel/framework/src/Illuminate/Foundation/Http/Kernel.php(145): Illuminate\\Foundation\\Http\\Kernel->sendRequestThroughRouter(Object(Illuminate\\Http\\Request))
#52 /Users/stellaning/work/Facebook whatsApp/social_media_saas_admin/backend/vendor/laravel/framework/src/Illuminate/Foundation/Application.php(1220): Illuminate\\Foundation\\Http\\Kernel->handle(Object(Illuminate\\Http\\Request))
#53 /Users/stellaning/work/Facebook whatsApp/social_media_saas_admin/backend/public/index.php(23): Illuminate\\Foundation\\Application->handleRequest(Object(Illuminate\\Http\\Request))
#54 /Users/stellaning/work/Facebook whatsApp/social_media_saas_admin/backend/vendor/laravel/framework/src/Illuminate/Foundation/resources/server.php(23): require_once('/Users/stellani...')
#55 {main}
"} 
[2026-08-04 16:19:41] local.ERROR: Class "Redis" not found {"exception":"[object] (Error(code: 0): Class \"Redis\" not found at /Users/stellaning/work/Facebook whatsApp/social_media_saas_admin/backend/vendor/laravel/framework/src/Illuminate/Redis/Connectors/PhpRedisConnector.php:79)
[stacktrace]
#0 /Users/stellaning/work/Facebook whatsApp/social_media_saas_admin/backend/vendor/laravel/framework/src/Illuminate/Redis/Connectors/PhpRedisConnector.php(33): Illuminate\\Redis\\Connectors\\PhpRedisConnector->createClient(Array)
#1 /Users/stellaning/work/Facebook whatsApp/social_media_saas_admin/backend/vendor/laravel/framework/src/Illuminate/Redis/Connectors/PhpRedisConnector.php(38): Illuminate\\Redis\\Connectors\\PhpRedisConnector->Illuminate\\Redis\\Connectors\\{closure}()
#2 /Users/stellaning/work/Facebook whatsApp/social_media_saas_admin/backend/vendor/laravel/framework/src/Illuminate/Redis/RedisManager.php(110): Illuminate\\Redis\\Connectors\\PhpRedisConnector->connect(Array, Array)
#3 /Users/stellaning/work/Facebook whatsApp/social_media_saas_admin/backend/vendor/laravel/framework/src/Illuminate/Redis/RedisManager.php(91): Illuminate\\Redis\\RedisManager->resolve('default')
#4 /Users/stellaning/work/Facebook whatsApp/social_media_saas_admin/backend/vendor/laravel/framework/src/Illuminate/Cache/RedisStore.php(357): Illuminate\\Redis\\RedisManager->connection('default')
#5 /Users/stellaning/work/Facebook whatsApp/social_media_saas_admin/backend/vendor/laravel/framework/src/Illuminate/Cache/RedisStore.php(71): Illuminate\\Cache\\RedisStore->connection()
#6 /Users/stellaning/work/Facebook whatsApp/social_media_saas_admin/backend/vendor/laravel/framework/src/Illuminate/Cache/Repository.php(117): Illuminate\\Cache\\RedisStore->get('EXiD9d7YkVY6aQ4...')
#7 /Users/stellaning/work/Facebook whatsApp/social_media_saas_admin/backend/vendor/laravel/framework/src/Illuminate/Session/CacheBasedSessionHandler.php(64): Illuminate\\Cache\\Repository->get('EXiD9d7YkVY6aQ4...', '')
#8 /Users/stellaning/work/Facebook whatsApp/social_media_saas_admin/backend/vendor/laravel/framework/src/Illuminate/Session/Store.php(117): Illuminate\\Session\\CacheBasedSessionHandler->read('EXiD9d7YkVY6aQ4...')
#9 /Users/stellaning/work/Facebook whatsApp/social_media_saas_admin/backend/vendor/laravel/framework/src/Illuminate/Session/Store.php(105): Illuminate\\Session\\Store->readFromHandler()
#10 /Users/stellaning/work/Facebook whatsApp/social_media_saas_admin/backend/vendor/laravel/framework/src/Illuminate/Session/Store.php(89): Illuminate\\Session\\Store->loadSession()
#11 /Users/stellaning/work/Facebook whatsApp/social_media_saas_admin/backend/vendor/laravel/framework/src/Illuminate/Session/Middleware/StartSession.php(147): Illuminate\\Session\\Store->start()
#12 /Users/stellaning/work/Facebook whatsApp/social_media_saas_admin/backend/vendor/laravel/framework/src/Illuminate/Support/helpers.php(399): Illuminate\\Session\\Middleware\\StartSession->Illuminate\\Session\\Middleware\\{closure}(Object(Illuminate\\Session\\Store))
#13 /Users/stellaning/work/Facebook whatsApp/social_media_saas_admin/backend/vendor/laravel/framework/src/Illuminate/Session/Middleware/StartSession.php(144): tap(Object(Illuminate\\Session\\Store), Object(Closure))
#14 /Users/stellaning/work/Facebook whatsApp/social_media_saas_admin/backend/vendor/laravel/framework/src/Illuminate/Session/Middleware/StartSession.php(116): Illuminate\\Session\\Middleware\\StartSession->startSession(Object(Illuminate\\Http\\Request), Object(Illuminate\\Session\\Store))
#15 /Users/stellaning/work/Facebook whatsApp/social_media_saas_admin/backend/vendor/laravel/framework/src/Illuminate/Session/Middleware/StartSession.php(64): Illuminate\\Session\\Middleware\\StartSession->handleStatefulRequest(Object(Illuminate\\Http\\Request), Object(Illuminate\\Session\\Store), Object(Closure))
#16 /Users/stellaning/work/Facebook whatsApp/social_media_saas_admin/backend/vendor/laravel/framework/src/Illuminate/Pipeline/Pipeline.php(209): Illuminate\\Session\\Middleware\\StartSession->handle(Object(Illuminate\\Http\\Request), Object(Closure))
#17 /Users/stellaning/work/Facebook whatsApp/social_media_saas_admin/backend/vendor/laravel/framework/src/Illuminate/Cookie/Middleware/AddQueuedCookiesToResponse.php(37): Illuminate\\Pipeline\\Pipeline->Illuminate\\Pipeline\\{closure}(Object(Illuminate\\Http\\Request))
#18 /Users/stellaning/work/Facebook whatsApp/social_media_saas_admin/backend/vendor/laravel/framework/src/Illuminate/Pipeline/Pipeline.php(209): Illuminate\\Cookie\\Middleware\\AddQueuedCookiesToResponse->handle(Object(Illuminate\\Http\\Request), Object(Closure))
#19 /Users/stellaning/work/Facebook whatsApp/social_media_saas_admin/backend/vendor/laravel/framework/src/Illuminate/Cookie/Middleware/EncryptCookies.php(75): Illuminate\\Pipeline\\Pipeline->Illuminate\\Pipeline\\{closure}(Object(Illuminate\\Http\\Request))
#20 /Users/stellaning/work/Facebook whatsApp/social_media_saas_admin/backend/vendor/laravel/framework/src/Illuminate/Pipeline/Pipeline.php(209): Illuminate\\Cookie\\Middleware\\EncryptCookies->handle(Object(Illuminate\\Http\\Request), Object(Closure))
#21 /Users/stellaning/work/Facebook whatsApp/social_media_saas_admin/backend/vendor/laravel/framework/src/Illuminate/Pipeline/Pipeline.php(127): Illuminate\\Pipeline\\Pipeline->Illuminate\\Pipeline\\{closure}(Object(Illuminate\\Http\\Request))
#22 /Users/stellaning/work/Facebook whatsApp/social_media_saas_admin/backend/vendor/laravel/framework/src/Illuminate/Routing/Router.php(807): Illuminate\\Pipeline\\Pipeline->then(Object(Closure))
#23 /Users/stellaning/work/Facebook whatsApp/social_media_saas_admin/backend/vendor/laravel/framework/src/Illuminate/Routing/Router.php(786): Illuminate\\Routing\\Router->runRouteWithinStack(Object(Illuminate\\Routing\\Route), Object(Illuminate\\Http\\Request))
#24 /Users/stellaning/work/Facebook whatsApp/social_media_saas_admin/backend/vendor/laravel/framework/src/Illuminate/Routing/Router.php(750): Illuminate\\Routing\\Router->runRoute(Object(Illuminate\\Http\\Request), Object(Illuminate\\Routing\\Route))
#25 /Users/stellaning/work/Facebook whatsApp/social_media_saas_admin/backend/vendor/laravel/framework/src/Illuminate/Routing/Router.php(739): Illuminate\\Routing\\Router->dispatchToRoute(Object(Illuminate\\Http\\Request))
#26 /Users/stellaning/work/Facebook whatsApp/social_media_saas_admin/backend/vendor/laravel/framework/src/Illuminate/Foundation/Http/Kernel.php(201): Illuminate\\Routing\\Router->dispatch(Object(Illuminate\\Http\\Request))
#27 /Users/stellaning/work/Facebook whatsApp/social_media_saas_admin/backend/vendor/laravel/framework/src/Illuminate/Pipeline/Pipeline.php(170): Illuminate\\Foundation\\Http\\Kernel->Illuminate\\Foundation\\Http\\{closure}(Object(Illuminate\\Http\\Request))
#28 /Users/stellaning/work/Facebook whatsApp/social_media_saas_admin/backend/vendor/laravel/framework/src/Illuminate/Foundation/Http/Middleware/TransformsRequest.php(21): Illuminate\\Pipeline\\Pipeline->Illuminate\\Pipeline\\{closure}(Object(Illuminate\\Http\\Request))
#29 /Users/stellaning/work/Facebook whatsApp/social_media_saas_admin/backend/vendor/laravel/framework/src/Illuminate/Foundation/Http/Middleware/ConvertEmptyStringsToNull.php(31): Illuminate\\Foundation\\Http\\Middleware\\TransformsRequest->handle(Object(Illuminate\\Http\\Request), Object(Closure))
#30 /Users/stellaning/work/Facebook whatsApp/social_media_saas_admin/backend/vendor/laravel/framework/src/Illuminate/Pipeline/Pipeline.php(209): Illuminate\\Foundation\\Http\\Middleware\\ConvertEmptyStringsToNull->handle(Object(Illuminate\\Http\\Request), Object(Closure))
#31 /Users/stellaning/work/Facebook whatsApp/social_media_saas_admin/backend/vendor/laravel/framework/src/Illuminate/Foundation/Http/Middleware/TransformsRequest.php(21): Illuminate\\Pipeline\\Pipeline->Illuminate\\Pipeline\\{closure}(Object(Illuminate\\Http\\Request))
#32 /Users/stellaning/work/Facebook whatsApp/social_media_saas_admin/backend/vendor/laravel/framework/src/Illuminate/Foundation/Http/Middleware/TrimStrings.php(51): Illuminate\\Foundation\\Http\\Middleware\\TransformsRequest->handle(Object(Illuminate\\Http\\Request), Object(Closure))
#33 /Users/stellaning/work/Facebook whatsApp/social_media_saas_admin/backend/vendor/laravel/framework/src/Illuminate/Pipeline/Pipeline.php(209): Illuminate\\Foundation\\Http\\Middleware\\TrimStrings->handle(Object(Illuminate\\Http\\Request), Object(Closure))
#34 /Users/stellaning/work/Facebook whatsApp/social_media_saas_admin/backend/vendor/laravel/framework/src/Illuminate/Http/Middleware/ValidatePostSize.php(27): Illuminate\\Pipeline\\Pipeline->Illuminate\\Pipeline\\{closure}(Object(Illuminate\\Http\\Request))
#35 /Users/stellaning/work/Facebook whatsApp/social_media_saas_admin/backend/vendor/laravel/framework/src/Illuminate/Pipeline/Pipeline.php(209): Illuminate\\Http\\Middleware\\ValidatePostSize->handle(Object(Illuminate\\Http\\Request), Object(Closure))
#36 /Users/stellaning/work/Facebook whatsApp/social_media_saas_admin/backend/vendor/laravel/framework/src/Illuminate/Foundation/Http/Middleware/PreventRequestsDuringMaintenance.php(110): Illuminate\\Pipeline\\Pipeline->Illuminate\\Pipeline\\{closure}(Object(Illuminate\\Http\\Request))
#37 /Users/stellaning/work/Facebook whatsApp/social_media_saas_admin/backend/vendor/laravel/framework/src/Illuminate/Pipeline/Pipeline.php(209): Illuminate\\Foundation\\Http\\Middleware\\PreventRequestsDuringMaintenance->handle(Object(Illuminate\\Http\\Request), Object(Closure))
#38 /Users/stellaning/work/Facebook whatsApp/social_media_saas_admin/backend/vendor/laravel/framework/src/Illuminate/Http/Middleware/HandleCors.php(49): Illuminate\\Pipeline\\Pipeline->Illuminate\\Pipeline\\{closure}(Object(Illuminate\\Http\\Request))
#39 /Users/stellaning/work/Facebook whatsApp/social_media_saas_admin/backend/vendor/laravel/framework/src/Illuminate/Pipeline/Pipeline.php(209): Illuminate\\Http\\Middleware\\HandleCors->handle(Object(Illuminate\\Http\\Request), Object(Closure))
#40 /Users/stellaning/work/Facebook whatsApp/social_media_saas_admin/backend/vendor/laravel/framework/src/Illuminate/Http/Middleware/TrustProxies.php(58): Illuminate\\Pipeline\\Pipeline->Illuminate\\Pipeline\\{closure}(Object(Illuminate\\Http\\Request))
#41 /Users/stellaning/work/Facebook whatsApp/social_media_saas_admin/backend/vendor/laravel/framework/src/Illuminate/Pipeline/Pipeline.php(209): Illuminate\\Http\\Middleware\\TrustProxies->handle(Object(Illuminate\\Http\\Request), Object(Closure))
#42 /Users/stellaning/work/Facebook whatsApp/social_media_saas_admin/backend/vendor/laravel/framework/src/Illuminate/Foundation/Http/Middleware/InvokeDeferredCallbacks.php(22): Illuminate\\Pipeline\\Pipeline->Illuminate\\Pipeline\\{closure}(Object(Illuminate\\Http\\Request))
#43 /Users/stellaning/work/Facebook whatsApp/social_media_saas_admin/backend/vendor/laravel/framework/src/Illuminate/Pipeline/Pipeline.php(209): Illuminate\\Foundation\\Http\\Middleware\\InvokeDeferredCallbacks->handle(Object(Illuminate\\Http\\Request), Object(Closure))
#44 /Users/stellaning/work/Facebook whatsApp/social_media_saas_admin/backend/vendor/laravel/framework/src/Illuminate/Pipeline/Pipeline.php(127): Illuminate\\Pipeline\\Pipeline->Illuminate\\Pipeline\\{closure}(Object(Illuminate\\Http\\Request))
#45 /Users/stellaning/work/Facebook whatsApp/social_media_saas_admin/backend/vendor/laravel/framework/src/Illuminate/Foundation/Http/Kernel.php(176): Illuminate\\Pipeline\\Pipeline->then(Object(Closure))
#46 /Users/stellaning/work/Facebook whatsApp/social_media_saas_admin/backend/vendor/laravel/framework/src/Illuminate/Foundation/Http/Kernel.php(145): Illuminate\\Foundation\\Http\\Kernel->sendRequestThroughRouter(Object(Illuminate\\Http\\Request))
#47 /Users/stellaning/work/Facebook whatsApp/social_media_saas_admin/backend/vendor/laravel/framework/src/Illuminate/Foundation/Application.php(1220): Illuminate\\Foundation\\Http\\Kernel->handle(Object(Illuminate\\Http\\Request))
#48 /Users/stellaning/work/Facebook whatsApp/social_media_saas_admin/backend/public/index.php(23): Illuminate\\Foundation\\Application->handleRequest(Object(Illuminate\\Http\\Request))
#49 /Users/stellaning/work/Facebook whatsApp/social_media_saas_admin/backend/vendor/laravel/framework/src/Illuminate/Foundation/resources/server.php(23): require_once('/Users/stellani...')
#50 {main}
"} 
[2026-08-04 16:20:12] local.ERROR: Class "Redis" not found {"exception":"[object] (Error(code: 0): Class \"Redis\" not found at /Users/stellaning/work/Facebook whatsApp/social_media_saas_admin/backend/vendor/laravel/framework/src/Illuminate/Redis/Connectors/PhpRedisConnector.php:79)
[stacktrace]
#0 /Users/stellaning/work/Facebook whatsApp/social_media_saas_admin/backend/vendor/laravel/framework/src/Illuminate/Redis/Connectors/PhpRedisConnector.php(33): Illuminate\\Redis\\Connectors\\PhpRedisConnector->createClient(Array)
#1 /Users/stellaning/work/Facebook whatsApp/social_media_saas_admin/backend/vendor/laravel/framework/src/Illuminate/Redis/Connectors/PhpRedisConnector.php(38): Illuminate\\Redis\\Connectors\\PhpRedisConnector->Illuminate\\Redis\\Connectors\\{closure}()
#2 /Users/stellaning/work/Facebook whatsApp/social_media_saas_admin/backend/vendor/laravel/framework/src/Illuminate/Redis/RedisManager.php(110): Illuminate\\Redis\\Connectors\\PhpRedisConnector->connect(Array, Array)
#3 /Users/stellaning/work/Facebook whatsApp/social_media_saas_admin/backend/vendor/laravel/framework/src/Illuminate/Redis/RedisManager.php(91): Illuminate\\Redis\\RedisManager->resolve('default')
#4 /Users/stellaning/work/Facebook whatsApp/social_media_saas_admin/backend/vendor/laravel/framework/src/Illuminate/Cache/RedisStore.php(357): Illuminate\\Redis\\RedisManager->connection('default')
#5 /Users/stellaning/work/Facebook whatsApp/social_media_saas_admin/backend/vendor/laravel/framework/src/Illuminate/Cache/RedisStore.php(71): Illuminate\\Cache\\RedisStore->connection()
#6 /Users/stellaning/work/Facebook whatsApp/social_media_saas_admin/backend/vendor/laravel/framework/src/Illuminate/Cache/Repository.php(117): Illuminate\\Cache\\RedisStore->get('W3ahQJxSNsTUji4...')
#7 /Users/stellaning/work/Facebook whatsApp/social_media_saas_admin/backend/vendor/laravel/framework/src/Illuminate/Session/CacheBasedSessionHandler.php(64): Illuminate\\Cache\\Repository->get('W3ahQJxSNsTUji4...', '')
#8 /Users/stellaning/work/Facebook whatsApp/social_media_saas_admin/backend/vendor/laravel/framework/src/Illuminate/Session/Store.php(117): Illuminate\\Session\\CacheBasedSessionHandler->read('W3ahQJxSNsTUji4...')
#9 /Users/stellaning/work/Facebook whatsApp/social_media_saas_admin/backend/vendor/laravel/framework/src/Illuminate/Session/Store.php(105): Illuminate\\Session\\Store->readFromHandler()
#10 /Users/stellaning/work/Facebook whatsApp/social_media_saas_admin/backend/vendor/laravel/framework/src/Illuminate/Session/Store.php(89): Illuminate\\Session\\Store->loadSession()
#11 /Users/stellaning/work/Facebook whatsApp/social_media_saas_admin/backend/vendor/laravel/framework/src/Illuminate/Session/Middleware/StartSession.php(147): Illuminate\\Session\\Store->start()
#12 /Users/stellaning/work/Facebook whatsApp/social_media_saas_admin/backend/vendor/laravel/framework/src/Illuminate/Support/helpers.php(399): Illuminate\\Session\\Middleware\\StartSession->Illuminate\\Session\\Middleware\\{closure}(Object(Illuminate\\Session\\Store))
#13 /Users/stellaning/work/Facebook whatsApp/social_media_saas_admin/backend/vendor/laravel/framework/src/Illuminate/Session/Middleware/StartSession.php(144): tap(Object(Illuminate\\Session\\Store), Object(Closure))
#14 /Users/stellaning/work/Facebook whatsApp/social_media_saas_admin/backend/vendor/laravel/framework/src/Illuminate/Session/Middleware/StartSession.php(116): Illuminate\\Session\\Middleware\\StartSession->startSession(Object(Illuminate\\Http\\Request), Object(Illuminate\\Session\\Store))
#15 /Users/stellaning/work/Facebook whatsApp/social_media_saas_admin/backend/vendor/laravel/framework/src/Illuminate/Session/Middleware/StartSession.php(64): Illuminate\\Session\\Middleware\\StartSession->handleStatefulRequest(Object(Illuminate\\Http\\Request), Object(Illuminate\\Session\\Store), Object(Closure))
#16 /Users/stellaning/work/Facebook whatsApp/social_media_saas_admin/backend/vendor/laravel/framework/src/Illuminate/Pipeline/Pipeline.php(209): Illuminate\\Session\\Middleware\\StartSession->handle(Object(Illuminate\\Http\\Request), Object(Closure))
#17 /Users/stellaning/work/Facebook whatsApp/social_media_saas_admin/backend/vendor/laravel/framework/src/Illuminate/Cookie/Middleware/AddQueuedCookiesToResponse.php(37): Illuminate\\Pipeline\\Pipeline->Illuminate\\Pipeline\\{closure}(Object(Illuminate\\Http\\Request))
#18 /Users/stellaning/work/Facebook whatsApp/social_media_saas_admin/backend/vendor/laravel/framework/src/Illuminate/Pipeline/Pipeline.php(209): Illuminate\\Cookie\\Middleware\\AddQueuedCookiesToResponse->handle(Object(Illuminate\\Http\\Request), Object(Closure))
#19 /Users/stellaning/work/Facebook whatsApp/social_media_saas_admin/backend/vendor/laravel/framework/src/Illuminate/Cookie/Middleware/EncryptCookies.php(75): Illuminate\\Pipeline\\Pipeline->Illuminate\\Pipeline\\{closure}(Object(Illuminate\\Http\\Request))
#20 /Users/stellaning/work/Facebook whatsApp/social_media_saas_admin/backend/vendor/laravel/framework/src/Illuminate/Pipeline/Pipeline.php(209): Illuminate\\Cookie\\Middleware\\EncryptCookies->handle(Object(Illuminate\\Http\\Request), Object(Closure))
#21 /Users/stellaning/work/Facebook whatsApp/social_media_saas_admin/backend/vendor/laravel/sanctum/src/Http/Middleware/EnsureFrontendRequestsAreStateful.php(61): Illuminate\\Pipeline\\Pipeline->Illuminate\\Pipeline\\{closure}(Object(Illuminate\\Http\\Request))
#22 /Users/stellaning/work/Facebook whatsApp/social_media_saas_admin/backend/vendor/laravel/framework/src/Illuminate/Pipeline/Pipeline.php(191): Laravel\\Sanctum\\Http\\Middleware\\EnsureFrontendRequestsAreStateful->Laravel\\Sanctum\\Http\\Middleware\\{closure}(Object(Illuminate\\Http\\Request), Object(Closure))
#23 /Users/stellaning/work/Facebook whatsApp/social_media_saas_admin/backend/vendor/laravel/framework/src/Illuminate/Pipeline/Pipeline.php(127): Illuminate\\Pipeline\\Pipeline->Illuminate\\Pipeline\\{closure}(Object(Illuminate\\Http\\Request))
#24 /Users/stellaning/work/Facebook whatsApp/social_media_saas_admin/backend/vendor/laravel/sanctum/src/Http/Middleware/EnsureFrontendRequestsAreStateful.php(25): Illuminate\\Pipeline\\Pipeline->then(Object(Closure))
#25 /Users/stellaning/work/Facebook whatsApp/social_media_saas_admin/backend/vendor/laravel/framework/src/Illuminate/Pipeline/Pipeline.php(209): Laravel\\Sanctum\\Http\\Middleware\\EnsureFrontendRequestsAreStateful->handle(Object(Illuminate\\Http\\Request), Object(Closure))
#26 /Users/stellaning/work/Facebook whatsApp/social_media_saas_admin/backend/vendor/laravel/framework/src/Illuminate/Pipeline/Pipeline.php(127): Illuminate\\Pipeline\\Pipeline->Illuminate\\Pipeline\\{closure}(Object(Illuminate\\Http\\Request))
#27 /Users/stellaning/work/Facebook whatsApp/social_media_saas_admin/backend/vendor/laravel/framework/src/Illuminate/Routing/Router.php(807): Illuminate\\Pipeline\\Pipeline->then(Object(Closure))
#28 /Users/stellaning/work/Facebook whatsApp/social_media_saas_admin/backend/vendor/laravel/framework/src/Illuminate/Routing/Router.php(786): Illuminate\\Routing\\Router->runRouteWithinStack(Object(Illuminate\\Routing\\Route), Object(Illuminate\\Http\\Request))
#29 /Users/stellaning/work/Facebook whatsApp/social_media_saas_admin/backend/vendor/laravel/framework/src/Illuminate/Routing/Router.php(750): Illuminate\\Routing\\Router->runRoute(Object(Illuminate\\Http\\Request), Object(Illuminate\\Routing\\Route))
#30 /Users/stellaning/work/Facebook whatsApp/social_media_saas_admin/backend/vendor/laravel/framework/src/Illuminate/Routing/Router.php(739): Illuminate\\Routing\\Router->dispatchToRoute(Object(Illuminate\\Http\\Request))
#31 /Users/stellaning/work/Facebook whatsApp/social_media_saas_admin/backend/vendor/laravel/framework/src/Illuminate/Foundation/Http/Kernel.php(201): Illuminate\\Routing\\Router->dispatch(Object(Illuminate\\Http\\Request))
#32 /Users/stellaning/work/Facebook whatsApp/social_media_saas_admin/backend/vendor/laravel/framework/src/Illuminate/Pipeline/Pipeline.php(170): Illuminate\\Foundation\\Http\\Kernel->Illuminate\\Foundation\\Http\\{closure}(Object(Illuminate\\Http\\Request))
#33 /Users/stellaning/work/Facebook whatsApp/social_media_saas_admin/backend/vendor/laravel/framework/src/Illuminate/Foundation/Http/Middleware/TransformsRequest.php(21): Illuminate\\Pipeline\\Pipeline->Illuminate\\Pipeline\\{closure}(Object(Illuminate\\Http\\Request))
#34 /Users/stellaning/work/Facebook whatsApp/social_media_saas_admin/backend/vendor/laravel/framework/src/Illuminate/Foundation/Http/Middleware/ConvertEmptyStringsToNull.php(31): Illuminate\\Foundation\\Http\\Middleware\\TransformsRequest->handle(Object(Illuminate\\Http\\Request), Object(Closure))
#35 /Users/stellaning/work/Facebook whatsApp/social_media_saas_admin/backend/vendor/laravel/framework/src/Illuminate/Pipeline/Pipeline.php(209): Illuminate\\Foundation\\Http\\Middleware\\ConvertEmptyStringsToNull->handle(Object(Illuminate\\Http\\Request), Object(Closure))
#36 /Users/stellaning/work/Facebook whatsApp/social_media_saas_admin/backend/vendor/laravel/framework/src/Illuminate/Foundation/Http/Middleware/TransformsRequest.php(21): Illuminate\\Pipeline\\Pipeline->Illuminate\\Pipeline\\{closure}(Object(Illuminate\\Http\\Request))
#37 /Users/stellaning/work/Facebook whatsApp/social_media_saas_admin/backend/vendor/laravel/framework/src/Illuminate/Foundation/Http/Middleware/TrimStrings.php(51): Illuminate\\Foundation\\Http\\Middleware\\TransformsRequest->handle(Object(Illuminate\\Http\\Request), Object(Closure))
#38 /Users/stellaning/work/Facebook whatsApp/social_media_saas_admin/backend/vendor/laravel/framework/src/Illuminate/Pipeline/Pipeline.php(209): Illuminate\\Foundation\\Http\\Middleware\\TrimStrings->handle(Object(Illuminate\\Http\\Request), Object(Closure))
#39 /Users/stellaning/work/Facebook whatsApp/social_media_saas_admin/backend/vendor/laravel/framework/src/Illuminate/Http/Middleware/ValidatePostSize.php(27): Illuminate\\Pipeline\\Pipeline->Illuminate\\Pipeline\\{closure}(Object(Illuminate\\Http\\Request))
#40 /Users/stellaning/work/Facebook whatsApp/social_media_saas_admin/backend/vendor/laravel/framework/src/Illuminate/Pipeline/Pipeline.php(209): Illuminate\\Http\\Middleware\\ValidatePostSize->handle(Object(Illuminate\\Http\\Request), Object(Closure))
#41 /Users/stellaning/work/Facebook whatsApp/social_media_saas_admin/backend/vendor/laravel/framework/src/Illuminate/Foundation/Http/Middleware/PreventRequestsDuringMaintenance.php(110): Illuminate\\Pipeline\\Pipeline->Illuminate\\Pipeline\\{closure}(Object(Illuminate\\Http\\Request))
#42 /Users/stellaning/work/Facebook whatsApp/social_media_saas_admin/backend/vendor/laravel/framework/src/Illuminate/Pipeline/Pipeline.php(209): Illuminate\\Foundation\\Http\\Middleware\\PreventRequestsDuringMaintenance->handle(Object(Illuminate\\Http\\Request), Object(Closure))
#43 /Users/stellaning/work/Facebook whatsApp/social_media_saas_admin/backend/vendor/laravel/framework/src/Illuminate/Http/Middleware/HandleCors.php(62): Illuminate\\Pipeline\\Pipeline->Illuminate\\Pipeline\\{closure}(Object(Illuminate\\Http\\Request))
#44 /Users/stellaning/work/Facebook whatsApp/social_media_saas_admin/backend/vendor/laravel/framework/src/Illuminate/Pipeline/Pipeline.php(209): Illuminate\\Http\\Middleware\\HandleCors->handle(Object(Illuminate\\Http\\Request), Object(Closure))
#45 /Users/stellaning/work/Facebook whatsApp/social_media_saas_admin/backend/vendor/laravel/framework/src/Illuminate/Http/Middleware/TrustProxies.php(58): Illuminate\\Pipeline\\Pipeline->Illuminate\\Pipeline\\{closure}(Object(Illuminate\\Http\\Request))
#46 /Users/stellaning/work/Facebook whatsApp/social_media_saas_admin/backend/vendor/laravel/framework/src/Illuminate/Pipeline/Pipeline.php(209): Illuminate\\Http\\Middleware\\TrustProxies->handle(Object(Illuminate\\Http\\Request), Object(Closure))
#47 /Users/stellaning/work/Facebook whatsApp/social_media_saas_admin/backend/vendor/laravel/framework/src/Illuminate/Foundation/Http/Middleware/InvokeDeferredCallbacks.php(22): Illuminate\\Pipeline\\Pipeline->Illuminate\\Pipeline\\{closure}(Object(Illuminate\\Http\\Request))
#48 /Users/stellaning/work/Facebook whatsApp/social_media_saas_admin/backend/vendor/laravel/framework/src/Illuminate/Pipeline/Pipeline.php(209): Illuminate\\Foundation\\Http\\Middleware\\InvokeDeferredCallbacks->handle(Object(Illuminate\\Http\\Request), Object(Closure))
#49 /Users/stellaning/work/Facebook whatsApp/social_media_saas_admin/backend/vendor/laravel/framework/src/Illuminate/Pipeline/Pipeline.php(127): Illuminate\\Pipeline\\Pipeline->Illuminate\\Pipeline\\{closure}(Object(Illuminate\\Http\\Request))
#50 /Users/stellaning/work/Facebook whatsApp/social_media_saas_admin/backend/vendor/laravel/framework/src/Illuminate/Foundation/Http/Kernel.php(176): Illuminate\\Pipeline\\Pipeline->then(Object(Closure))
#51 /Users/stellaning/work/Facebook whatsApp/social_media_saas_admin/backend/vendor/laravel/framework/src/Illuminate/Foundation/Http/Kernel.php(145): Illuminate\\Foundation\\Http\\Kernel->sendRequestThroughRouter(Object(Illuminate\\Http\\Request))
#52 /Users/stellaning/work/Facebook whatsApp/social_media_saas_admin/backend/vendor/laravel/framework/src/Illuminate/Foundation/Application.php(1220): Illuminate\\Foundation\\Http\\Kernel->handle(Object(Illuminate\\Http\\Request))
#53 /Users/stellaning/work/Facebook whatsApp/social_media_saas_admin/backend/public/index.php(23): Illuminate\\Foundation\\Application->handleRequest(Object(Illuminate\\Http\\Request))
#54 /Users/stellaning/work/Facebook whatsApp/social_media_saas_admin/backend/vendor/laravel/framework/src/Illuminate/Foundation/resources/server.php(23): require_once('/Users/stellani...')
#55 {main}
"} 
[2026-08-04 16:24:33] local.ERROR: Connection refused [tcp://127.0.0.1:6379] {"exception":"[object] (Predis\\Connection\\Resource\\Exception\\StreamInitException(code: 61): Connection refused [tcp://127.0.0.1:6379] at /Users/stellaning/work/Facebook whatsApp/social_media_saas_admin/backend/vendor/predis/predis/src/Connection/Resource/StreamFactory.php:241)
[stacktrace]
#0 /Users/stellaning/work/Facebook whatsApp/social_media_saas_admin/backend/vendor/predis/predis/src/Connection/Resource/StreamFactory.php(214): Predis\\Connection\\Resource\\StreamFactory->onInitializationError(false, Object(Predis\\Connection\\Parameters), 'Connection refu...', 61)
#1 /Users/stellaning/work/Facebook whatsApp/social_media_saas_admin/backend/vendor/predis/predis/src/Connection/Resource/StreamFactory.php(109): Predis\\Connection\\Resource\\StreamFactory->createStreamSocket(Object(Predis\\Connection\\Parameters), 'tcp://127.0.0.1...', 4)
#2 /Users/stellaning/work/Facebook whatsApp/social_media_saas_admin/backend/vendor/predis/predis/src/Connection/Resource/StreamFactory.php(33): Predis\\Connection\\Resource\\StreamFactory->tcpStreamInitializer(Object(Predis\\Connection\\Parameters))
#3 /Users/stellaning/work/Facebook whatsApp/social_media_saas_admin/backend/vendor/predis/predis/src/Connection/StreamConnection.php(84): Predis\\Connection\\Resource\\StreamFactory->createStream(Object(Predis\\Connection\\Parameters))
#4 /Users/stellaning/work/Facebook whatsApp/social_media_saas_admin/backend/vendor/predis/predis/src/Connection/AbstractConnection.php(98): Predis\\Connection\\StreamConnection->createResource()
#5 /Users/stellaning/work/Facebook whatsApp/social_media_saas_admin/backend/vendor/predis/predis/src/Connection/StreamConnection.php(92): Predis\\Connection\\AbstractConnection->connect()
#6 /Users/stellaning/work/Facebook whatsApp/social_media_saas_admin/backend/vendor/predis/predis/src/Connection/AbstractConnection.php(198): Predis\\Connection\\StreamConnection->connect()
#7 /Users/stellaning/work/Facebook whatsApp/social_media_saas_admin/backend/vendor/predis/predis/src/Connection/StreamConnection.php(151): Predis\\Connection\\AbstractConnection->getResource()
#8 /Users/stellaning/work/Facebook whatsApp/social_media_saas_admin/backend/vendor/predis/predis/src/Connection/StreamConnection.php(265): Predis\\Connection\\StreamConnection->write('*2\\r\\n$3\\r\\nGET\\r\\n$7...')
#9 /Users/stellaning/work/Facebook whatsApp/social_media_saas_admin/backend/vendor/predis/predis/src/Connection/AbstractConnection.php(135): Predis\\Connection\\StreamConnection->writeRequest(Object(Predis\\Command\\Redis\\GET))
#10 /Users/stellaning/work/Facebook whatsApp/social_media_saas_admin/backend/vendor/predis/predis/src/Client.php(390): Predis\\Connection\\AbstractConnection->executeCommand(Object(Predis\\Command\\Redis\\GET))
#11 /Users/stellaning/work/Facebook whatsApp/social_media_saas_admin/backend/vendor/predis/predis/src/Retry/Retry.php(111): Predis\\Client->Predis\\{closure}()
#12 /Users/stellaning/work/Facebook whatsApp/social_media_saas_admin/backend/vendor/predis/predis/src/Client.php(388): Predis\\Retry\\Retry->callWithRetry(Object(Closure), Object(Closure))
#13 /Users/stellaning/work/Facebook whatsApp/social_media_saas_admin/backend/vendor/predis/predis/src/Client.php(336): Predis\\Client->executeCommand(Object(Predis\\Command\\Redis\\GET))
#14 /Users/stellaning/work/Facebook whatsApp/social_media_saas_admin/backend/vendor/laravel/framework/src/Illuminate/Redis/Connections/Connection.php(116): Predis\\Client->__call('get', Array)
#15 /Users/stellaning/work/Facebook whatsApp/social_media_saas_admin/backend/vendor/laravel/framework/src/Illuminate/Redis/Connections/Connection.php(229): Illuminate\\Redis\\Connections\\Connection->command('get', Array)
#16 /Users/stellaning/work/Facebook whatsApp/social_media_saas_admin/backend/vendor/laravel/framework/src/Illuminate/Cache/RedisStore.php(73): Illuminate\\Redis\\Connections\\Connection->__call('get', Array)
#17 /Users/stellaning/work/Facebook whatsApp/social_media_saas_admin/backend/vendor/laravel/framework/src/Illuminate/Cache/Repository.php(117): Illuminate\\Cache\\RedisStore->get('6UbctGWC9rObmX1...')
#18 /Users/stellaning/work/Facebook whatsApp/social_media_saas_admin/backend/vendor/laravel/framework/src/Illuminate/Session/CacheBasedSessionHandler.php(64): Illuminate\\Cache\\Repository->get('6UbctGWC9rObmX1...', '')
#19 /Users/stellaning/work/Facebook whatsApp/social_media_saas_admin/backend/vendor/laravel/framework/src/Illuminate/Session/Store.php(117): Illuminate\\Session\\CacheBasedSessionHandler->read('6UbctGWC9rObmX1...')
#20 /Users/stellaning/work/Facebook whatsApp/social_media_saas_admin/backend/vendor/laravel/framework/src/Illuminate/Session/Store.php(105): Illuminate\\Session\\Store->readFromHandler()
#21 /Users/stellaning/work/Facebook whatsApp/social_media_saas_admin/backend/vendor/laravel/framework/src/Illuminate/Session/Store.php(89): Illuminate\\Session\\Store->loadSession()
#22 /Users/stellaning/work/Facebook whatsApp/social_media_saas_admin/backend/vendor/laravel/framework/src/Illuminate/Session/Middleware/StartSession.php(147): Illuminate\\Session\\Store->start()
#23 /Users/stellaning/work/Facebook whatsApp/social_media_saas_admin/backend/vendor/laravel/framework/src/Illuminate/Support/helpers.php(399): Illuminate\\Session\\Middleware\\StartSession->Illuminate\\Session\\Middleware\\{closure}(Object(Illuminate\\Session\\Store))
#24 /Users/stellaning/work/Facebook whatsApp/social_media_saas_admin/backend/vendor/laravel/framework/src/Illuminate/Session/Middleware/StartSession.php(144): tap(Object(Illuminate\\Session\\Store), Object(Closure))
#25 /Users/stellaning/work/Facebook whatsApp/social_media_saas_admin/backend/vendor/laravel/framework/src/Illuminate/Session/Middleware/StartSession.php(116): Illuminate\\Session\\Middleware\\StartSession->startSession(Object(Illuminate\\Http\\Request), Object(Illuminate\\Session\\Store))
#26 /Users/stellaning/work/Facebook whatsApp/social_media_saas_admin/backend/vendor/laravel/framework/src/Illuminate/Session/Middleware/StartSession.php(64): Illuminate\\Session\\Middleware\\StartSession->handleStatefulRequest(Object(Illuminate\\Http\\Request), Object(Illuminate\\Session\\Store), Object(Closure))
#27 /Users/stellaning/work/Facebook whatsApp/social_media_saas_admin/backend/vendor/laravel/framework/src/Illuminate/Pipeline/Pipeline.php(209): Illuminate\\Session\\Middleware\\StartSession->handle(Object(Illuminate\\Http\\Request), Object(Closure))
#28 /Users/stellaning/work/Facebook whatsApp/social_media_saas_admin/backend/vendor/laravel/framework/src/Illuminate/Cookie/Middleware/AddQueuedCookiesToResponse.php(37): Illuminate\\Pipeline\\Pipeline->Illuminate\\Pipeline\\{closure}(Object(Illuminate\\Http\\Request))
#29 /Users/stellaning/work/Facebook whatsApp/social_media_saas_admin/backend/vendor/laravel/framework/src/Illuminate/Pipeline/Pipeline.php(209): Illuminate\\Cookie\\Middleware\\AddQueuedCookiesToResponse->handle(Object(Illuminate\\Http\\Request), Object(Closure))
#30 /Users/stellaning/work/Facebook whatsApp/social_media_saas_admin/backend/vendor/laravel/framework/src/Illuminate/Cookie/Middleware/EncryptCookies.php(75): Illuminate\\Pipeline\\Pipeline->Illuminate\\Pipeline\\{closure}(Object(Illuminate\\Http\\Request))
#31 /Users/stellaning/work/Facebook whatsApp/social_media_saas_admin/backend/vendor/laravel/framework/src/Illuminate/Pipeline/Pipeline.php(209): Illuminate\\Cookie\\Middleware\\EncryptCookies->handle(Object(Illuminate\\Http\\Request), Object(Closure))
#32 /Users/stellaning/work/Facebook whatsApp/social_media_saas_admin/backend/vendor/laravel/framework/src/Illuminate/Pipeline/Pipeline.php(127): Illuminate\\Pipeline\\Pipeline->Illuminate\\Pipeline\\{closure}(Object(Illuminate\\Http\\Request))
#33 /Users/stellaning/work/Facebook whatsApp/social_media_saas_admin/backend/vendor/laravel/framework/src/Illuminate/Routing/Router.php(807): Illuminate\\Pipeline\\Pipeline->then(Object(Closure))
#34 /Users/stellaning/work/Facebook whatsApp/social_media_saas_admin/backend/vendor/laravel/framework/src/Illuminate/Routing/Router.php(786): Illuminate\\Routing\\Router->runRouteWithinStack(Object(Illuminate\\Routing\\Route), Object(Illuminate\\Http\\Request))
#35 /Users/stellaning/work/Facebook whatsApp/social_media_saas_admin/backend/vendor/laravel/framework/src/Illuminate/Routing/Router.php(750): Illuminate\\Routing\\Router->runRoute(Object(Illuminate\\Http\\Request), Object(Illuminate\\Routing\\Route))
#36 /Users/stellaning/work/Facebook whatsApp/social_media_saas_admin/backend/vendor/laravel/framework/src/Illuminate/Routing/Router.php(739): Illuminate\\Routing\\Router->dispatchToRoute(Object(Illuminate\\Http\\Request))
#37 /Users/stellaning/work/Facebook whatsApp/social_media_saas_admin/backend/vendor/laravel/framework/src/Illuminate/Foundation/Http/Kernel.php(201): Illuminate\\Routing\\Router->dispatch(Object(Illuminate\\Http\\Request))
#38 /Users/stellaning/work/Facebook whatsApp/social_media_saas_admin/backend/vendor/laravel/framework/src/Illuminate/Pipeline/Pipeline.php(170): Illuminate\\Foundation\\Http\\Kernel->Illuminate\\Foundation\\Http\\{closure}(Object(Illuminate\\Http\\Request))
#39 /Users/stellaning/work/Facebook whatsApp/social_media_saas_admin/backend/vendor/laravel/framework/src/Illuminate/Foundation/Http/Middleware/TransformsRequest.php(21): Illuminate\\Pipeline\\Pipeline->Illuminate\\Pipeline\\{closure}(Object(Illuminate\\Http\\Request))
#40 /Users/stellaning/work/Facebook whatsApp/social_media_saas_admin/backend/vendor/laravel/framework/src/Illuminate/Foundation/Http/Middleware/ConvertEmptyStringsToNull.php(31): Illuminate\\Foundation\\Http\\Middleware\\TransformsRequest->handle(Object(Illuminate\\Http\\Request), Object(Closure))
#41 /Users/stellaning/work/Facebook whatsApp/social_media_saas_admin/backend/vendor/laravel/framework/src/Illuminate/Pipeline/Pipeline.php(209): Illuminate\\Foundation\\Http\\Middleware\\ConvertEmptyStringsToNull->handle(Object(Illuminate\\Http\\Request), Object(Closure))
#42 /Users/stellaning/work/Facebook whatsApp/social_media_saas_admin/backend/vendor/laravel/framework/src/Illuminate/Foundation/Http/Middleware/TransformsRequest.php(21): Illuminate\\Pipeline\\Pipeline->Illuminate\\Pipeline\\{closure}(Object(Illuminate\\Http\\Request))
#43 /Users/stellaning/work/Facebook whatsApp/social_media_saas_admin/backend/vendor/laravel/framework/src/Illuminate/Foundation/Http/Middleware/TrimStrings.php(51): Illuminate\\Foundation\\Http\\Middleware\\TransformsRequest->handle(Object(Illuminate\\Http\\Request), Object(Closure))
#44 /Users/stellaning/work/Facebook whatsApp/social_media_saas_admin/backend/vendor/laravel/framework/src/Illuminate/Pipeline/Pipeline.php(209): Illuminate\\Foundation\\Http\\Middleware\\TrimStrings->handle(Object(Illuminate\\Http\\Request), Object(Closure))
#45 /Users/stellaning/work/Facebook whatsApp/social_media_saas_admin/backend/vendor/laravel/framework/src/Illuminate/Http/Middleware/ValidatePostSize.php(27): Illuminate\\Pipeline\\Pipeline->Illuminate\\Pipeline\\{closure}(Object(Illuminate\\Http\\Request))
#46 /Users/stellaning/work/Facebook whatsApp/social_media_saas_admin/backend/vendor/laravel/framework/src/Illuminate/Pipeline/Pipeline.php(209): Illuminate\\Http\\Middleware\\ValidatePostSize->handle(Object(Illuminate\\Http\\Request), Object(Closure))
#47 /Users/stellaning/work/Facebook whatsApp/social_media_saas_admin/backend/vendor/laravel/framework/src/Illuminate/Foundation/Http/Middleware/PreventRequestsDuringMaintenance.php(110): Illuminate\\Pipeline\\Pipeline->Illuminate\\Pipeline\\{closure}(Object(Illuminate\\Http\\Request))
#48 /Users/stellaning/work/Facebook whatsApp/social_media_saas_admin/backend/vendor/laravel/framework/src/Illuminate/Pipeline/Pipeline.php(209): Illuminate\\Foundation\\Http\\Middleware\\PreventRequestsDuringMaintenance->handle(Object(Illuminate\\Http\\Request), Object(Closure))
#49 /Users/stellaning/work/Facebook whatsApp/social_media_saas_admin/backend/vendor/laravel/framework/src/Illuminate/Http/Middleware/HandleCors.php(49): Illuminate\\Pipeline\\Pipeline->Illuminate\\Pipeline\\{closure}(Object(Illuminate\\Http\\Request))
#50 /Users/stellaning/work/Facebook whatsApp/social_media_saas_admin/backend/vendor/laravel/framework/src/Illuminate/Pipeline/Pipeline.php(209): Illuminate\\Http\\Middleware\\HandleCors->handle(Object(Illuminate\\Http\\Request), Object(Closure))
#51 /Users/stellaning/work/Facebook whatsApp/social_media_saas_admin/backend/vendor/laravel/framework/src/Illuminate/Http/Middleware/TrustProxies.php(58): Illuminate\\Pipeline\\Pipeline->Illuminate\\Pipeline\\{closure}(Object(Illuminate\\Http\\Request))
#52 /Users/stellaning/work/Facebook whatsApp/social_media_saas_admin/backend/vendor/laravel/framework/src/Illuminate/Pipeline/Pipeline.php(209): Illuminate\\Http\\Middleware\\TrustProxies->handle(Object(Illuminate\\Http\\Request), Object(Closure))
#53 /Users/stellaning/work/Facebook whatsApp/social_media_saas_admin/backend/vendor/laravel/framework/src/Illuminate/Foundation/Http/Middleware/InvokeDeferredCallbacks.php(22): Illuminate\\Pipeline\\Pipeline->Illuminate\\Pipeline\\{closure}(Object(Illuminate\\Http\\Request))
#54 /Users/stellaning/work/Facebook whatsApp/social_media_saas_admin/backend/vendor/laravel/framework/src/Illuminate/Pipeline/Pipeline.php(209): Illuminate\\Foundation\\Http\\Middleware\\InvokeDeferredCallbacks->handle(Object(Illuminate\\Http\\Request), Object(Closure))
#55 /Users/stellaning/work/Facebook whatsApp/social_media_saas_admin/backend/vendor/laravel/framework/src/Illuminate/Pipeline/Pipeline.php(127): Illuminate\\Pipeline\\Pipeline->Illuminate\\Pipeline\\{closure}(Object(Illuminate\\Http\\Request))
#56 /Users/stellaning/work/Facebook whatsApp/social_media_saas_admin/backend/vendor/laravel/framework/src/Illuminate/Foundation/Http/Kernel.php(176): Illuminate\\Pipeline\\Pipeline->then(Object(Closure))
#57 /Users/stellaning/work/Facebook whatsApp/social_media_saas_admin/backend/vendor/laravel/framework/src/Illuminate/Foundation/Http/Kernel.php(145): Illuminate\\Foundation\\Http\\Kernel->sendRequestThroughRouter(Object(Illuminate\\Http\\Request))
#58 /Users/stellaning/work/Facebook whatsApp/social_media_saas_admin/backend/vendor/laravel/framework/src/Illuminate/Foundation/Application.php(1220): Illuminate\\Foundation\\Http\\Kernel->handle(Object(Illuminate\\Http\\Request))
#59 /Users/stellaning/work/Facebook whatsApp/social_media_saas_admin/backend/public/index.php(23): Illuminate\\Foundation\\Application->handleRequest(Object(Illuminate\\Http\\Request))
#60 /Users/stellaning/work/Facebook whatsApp/social_media_saas_admin/backend/vendor/laravel/framework/src/Illuminate/Foundation/resources/server.php(23): require_once('/Users/stellani...')
#61 {main}
"} 
[2026-08-04 16:24:57] local.ERROR: Connection refused [tcp://127.0.0.1:6379] {"exception":"[object] (Predis\\Connection\\Resource\\Exception\\StreamInitException(code: 61): Connection refused [tcp://127.0.0.1:6379] at /Users/stellaning/work/Facebook whatsApp/social_media_saas_admin/backend/vendor/predis/predis/src/Connection/Resource/StreamFactory.php:241)
[stacktrace]
#0 /Users/stellaning/work/Facebook whatsApp/social_media_saas_admin/backend/vendor/predis/predis/src/Connection/Resource/StreamFactory.php(214): Predis\\Connection\\Resource\\StreamFactory->onInitializationError(false, Object(Predis\\Connection\\Parameters), 'Connection refu...', 61)
#1 /Users/stellaning/work/Facebook whatsApp/social_media_saas_admin/backend/vendor/predis/predis/src/Connection/Resource/StreamFactory.php(109): Predis\\Connection\\Resource\\StreamFactory->createStreamSocket(Object(Predis\\Connection\\Parameters), 'tcp://127.0.0.1...', 4)
#2 /Users/stellaning/work/Facebook whatsApp/social_media_saas_admin/backend/vendor/predis/predis/src/Connection/Resource/StreamFactory.php(33): Predis\\Connection\\Resource\\StreamFactory->tcpStreamInitializer(Object(Predis\\Connection\\Parameters))
#3 /Users/stellaning/work/Facebook whatsApp/social_media_saas_admin/backend/vendor/predis/predis/src/Connection/StreamConnection.php(84): Predis\\Connection\\Resource\\StreamFactory->createStream(Object(Predis\\Connection\\Parameters))
#4 /Users/stellaning/work/Facebook whatsApp/social_media_saas_admin/backend/vendor/predis/predis/src/Connection/AbstractConnection.php(98): Predis\\Connection\\StreamConnection->createResource()
#5 /Users/stellaning/work/Facebook whatsApp/social_media_saas_admin/backend/vendor/predis/predis/src/Connection/StreamConnection.php(92): Predis\\Connection\\AbstractConnection->connect()
#6 /Users/stellaning/work/Facebook whatsApp/social_media_saas_admin/backend/vendor/predis/predis/src/Connection/AbstractConnection.php(198): Predis\\Connection\\StreamConnection->connect()
#7 /Users/stellaning/work/Facebook whatsApp/social_media_saas_admin/backend/vendor/predis/predis/src/Connection/StreamConnection.php(151): Predis\\Connection\\AbstractConnection->getResource()
#8 /Users/stellaning/work/Facebook whatsApp/social_media_saas_admin/backend/vendor/predis/predis/src/Connection/StreamConnection.php(265): Predis\\Connection\\StreamConnection->write('*2\\r\\n$3\\r\\nGET\\r\\n$7...')
#9 /Users/stellaning/work/Facebook whatsApp/social_media_saas_admin/backend/vendor/predis/predis/src/Connection/AbstractConnection.php(135): Predis\\Connection\\StreamConnection->writeRequest(Object(Predis\\Command\\Redis\\GET))
#10 /Users/stellaning/work/Facebook whatsApp/social_media_saas_admin/backend/vendor/predis/predis/src/Client.php(390): Predis\\Connection\\AbstractConnection->executeCommand(Object(Predis\\Command\\Redis\\GET))
#11 /Users/stellaning/work/Facebook whatsApp/social_media_saas_admin/backend/vendor/predis/predis/src/Retry/Retry.php(111): Predis\\Client->Predis\\{closure}()
#12 /Users/stellaning/work/Facebook whatsApp/social_media_saas_admin/backend/vendor/predis/predis/src/Client.php(388): Predis\\Retry\\Retry->callWithRetry(Object(Closure), Object(Closure))
#13 /Users/stellaning/work/Facebook whatsApp/social_media_saas_admin/backend/vendor/predis/predis/src/Client.php(336): Predis\\Client->executeCommand(Object(Predis\\Command\\Redis\\GET))
#14 /Users/stellaning/work/Facebook whatsApp/social_media_saas_admin/backend/vendor/laravel/framework/src/Illuminate/Redis/Connections/Connection.php(116): Predis\\Client->__call('get', Array)
#15 /Users/stellaning/work/Facebook whatsApp/social_media_saas_admin/backend/vendor/laravel/framework/src/Illuminate/Redis/Connections/Connection.php(229): Illuminate\\Redis\\Connections\\Connection->command('get', Array)
#16 /Users/stellaning/work/Facebook whatsApp/social_media_saas_admin/backend/vendor/laravel/framework/src/Illuminate/Cache/RedisStore.php(73): Illuminate\\Redis\\Connections\\Connection->__call('get', Array)
#17 /Users/stellaning/work/Facebook whatsApp/social_media_saas_admin/backend/vendor/laravel/framework/src/Illuminate/Cache/Repository.php(117): Illuminate\\Cache\\RedisStore->get('u5wA0kTpCxNSie0...')
#18 /Users/stellaning/work/Facebook whatsApp/social_media_saas_admin/backend/vendor/laravel/framework/src/Illuminate/Session/CacheBasedSessionHandler.php(64): Illuminate\\Cache\\Repository->get('u5wA0kTpCxNSie0...', '')
#19 /Users/stellaning/work/Facebook whatsApp/social_media_saas_admin/backend/vendor/laravel/framework/src/Illuminate/Session/Store.php(117): Illuminate\\Session\\CacheBasedSessionHandler->read('u5wA0kTpCxNSie0...')
#20 /Users/stellaning/work/Facebook whatsApp/social_media_saas_admin/backend/vendor/laravel/framework/src/Illuminate/Session/Store.php(105): Illuminate\\Session\\Store->readFromHandler()
#21 /Users/stellaning/work/Facebook whatsApp/social_media_saas_admin/backend/vendor/laravel/framework/src/Illuminate/Session/Store.php(89): Illuminate\\Session\\Store->loadSession()
#22 /Users/stellaning/work/Facebook whatsApp/social_media_saas_admin/backend/vendor/laravel/framework/src/Illuminate/Session/Middleware/StartSession.php(147): Illuminate\\Session\\Store->start()
#23 /Users/stellaning/work/Facebook whatsApp/social_media_saas_admin/backend/vendor/laravel/framework/src/Illuminate/Support/helpers.php(399): Illuminate\\Session\\Middleware\\StartSession->Illuminate\\Session\\Middleware\\{closure}(Object(Illuminate\\Session\\Store))
#24 /Users/stellaning/work/Facebook whatsApp/social_media_saas_admin/backend/vendor/laravel/framework/src/Illuminate/Session/Middleware/StartSession.php(144): tap(Object(Illuminate\\Session\\Store), Object(Closure))
#25 /Users/stellaning/work/Facebook whatsApp/social_media_saas_admin/backend/vendor/laravel/framework/src/Illuminate/Session/Middleware/StartSession.php(116): Illuminate\\Session\\Middleware\\StartSession->startSession(Object(Illuminate\\Http\\Request), Object(Illuminate\\Session\\Store))
#26 /Users/stellaning/work/Facebook whatsApp/social_media_saas_admin/backend/vendor/laravel/framework/src/Illuminate/Session/Middleware/StartSession.php(64): Illuminate\\Session\\Middleware\\StartSession->handleStatefulRequest(Object(Illuminate\\Http\\Request), Object(Illuminate\\Session\\Store), Object(Closure))
#27 /Users/stellaning/work/Facebook whatsApp/social_media_saas_admin/backend/vendor/laravel/framework/src/Illuminate/Pipeline/Pipeline.php(209): Illuminate\\Session\\Middleware\\StartSession->handle(Object(Illuminate\\Http\\Request), Object(Closure))
#28 /Users/stellaning/work/Facebook whatsApp/social_media_saas_admin/backend/vendor/laravel/framework/src/Illuminate/Cookie/Middleware/AddQueuedCookiesToResponse.php(37): Illuminate\\Pipeline\\Pipeline->Illuminate\\Pipeline\\{closure}(Object(Illuminate\\Http\\Request))
#29 /Users/stellaning/work/Facebook whatsApp/social_media_saas_admin/backend/vendor/laravel/framework/src/Illuminate/Pipeline/Pipeline.php(209): Illuminate\\Cookie\\Middleware\\AddQueuedCookiesToResponse->handle(Object(Illuminate\\Http\\Request), Object(Closure))
#30 /Users/stellaning/work/Facebook whatsApp/social_media_saas_admin/backend/vendor/laravel/framework/src/Illuminate/Cookie/Middleware/EncryptCookies.php(75): Illuminate\\Pipeline\\Pipeline->Illuminate\\Pipeline\\{closure}(Object(Illuminate\\Http\\Request))
#31 /Users/stellaning/work/Facebook whatsApp/social_media_saas_admin/backend/vendor/laravel/framework/src/Illuminate/Pipeline/Pipeline.php(209): Illuminate\\Cookie\\Middleware\\EncryptCookies->handle(Object(Illuminate\\Http\\Request), Object(Closure))
#32 /Users/stellaning/work/Facebook whatsApp/social_media_saas_admin/backend/vendor/laravel/framework/src/Illuminate/Pipeline/Pipeline.php(127): Illuminate\\Pipeline\\Pipeline->Illuminate\\Pipeline\\{closure}(Object(Illuminate\\Http\\Request))
#33 /Users/stellaning/work/Facebook whatsApp/social_media_saas_admin/backend/vendor/laravel/framework/src/Illuminate/Routing/Router.php(807): Illuminate\\Pipeline\\Pipeline->then(Object(Closure))
#34 /Users/stellaning/work/Facebook whatsApp/social_media_saas_admin/backend/vendor/laravel/framework/src/Illuminate/Routing/Router.php(786): Illuminate\\Routing\\Router->runRouteWithinStack(Object(Illuminate\\Routing\\Route), Object(Illuminate\\Http\\Request))
#35 /Users/stellaning/work/Facebook whatsApp/social_media_saas_admin/backend/vendor/laravel/framework/src/Illuminate/Routing/Router.php(750): Illuminate\\Routing\\Router->runRoute(Object(Illuminate\\Http\\Request), Object(Illuminate\\Routing\\Route))
#36 /Users/stellaning/work/Facebook whatsApp/social_media_saas_admin/backend/vendor/laravel/framework/src/Illuminate/Routing/Router.php(739): Illuminate\\Routing\\Router->dispatchToRoute(Object(Illuminate\\Http\\Request))
#37 /Users/stellaning/work/Facebook whatsApp/social_media_saas_admin/backend/vendor/laravel/framework/src/Illuminate/Foundation/Http/Kernel.php(201): Illuminate\\Routing\\Router->dispatch(Object(Illuminate\\Http\\Request))
#38 /Users/stellaning/work/Facebook whatsApp/social_media_saas_admin/backend/vendor/laravel/framework/src/Illuminate/Pipeline/Pipeline.php(170): Illuminate\\Foundation\\Http\\Kernel->Illuminate\\Foundation\\Http\\{closure}(Object(Illuminate\\Http\\Request))
#39 /Users/stellaning/work/Facebook whatsApp/social_media_saas_admin/backend/vendor/laravel/framework/src/Illuminate/Foundation/Http/Middleware/TransformsRequest.php(21): Illuminate\\Pipeline\\Pipeline->Illuminate\\Pipeline\\{closure}(Object(Illuminate\\Http\\Request))
#40 /Users/stellaning/work/Facebook whatsApp/social_media_saas_admin/backend/vendor/laravel/framework/src/Illuminate/Foundation/Http/Middleware/ConvertEmptyStringsToNull.php(31): Illuminate\\Foundation\\Http\\Middleware\\TransformsRequest->handle(Object(Illuminate\\Http\\Request), Object(Closure))
#41 /Users/stellaning/work/Facebook whatsApp/social_media_saas_admin/backend/vendor/laravel/framework/src/Illuminate/Pipeline/Pipeline.php(209): Illuminate\\Foundation\\Http\\Middleware\\ConvertEmptyStringsToNull->handle(Object(Illuminate\\Http\\Request), Object(Closure))
#42 /Users/stellaning/work/Facebook whatsApp/social_media_saas_admin/backend/vendor/laravel/framework/src/Illuminate/Foundation/Http/Middleware/TransformsRequest.php(21): Illuminate\\Pipeline\\Pipeline->Illuminate\\Pipeline\\{closure}(Object(Illuminate\\Http\\Request))
#43 /Users/stellaning/work/Facebook whatsApp/social_media_saas_admin/backend/vendor/laravel/framework/src/Illuminate/Foundation/Http/Middleware/TrimStrings.php(51): Illuminate\\Foundation\\Http\\Middleware\\TransformsRequest->handle(Object(Illuminate\\Http\\Request), Object(Closure))
#44 /Users/stellaning/work/Facebook whatsApp/social_media_saas_admin/backend/vendor/laravel/framework/src/Illuminate/Pipeline/Pipeline.php(209): Illuminate\\Foundation\\Http\\Middleware\\TrimStrings->handle(Object(Illuminate\\Http\\Request), Object(Closure))
#45 /Users/stellaning/work/Facebook whatsApp/social_media_saas_admin/backend/vendor/laravel/framework/src/Illuminate/Http/Middleware/ValidatePostSize.php(27): Illuminate\\Pipeline\\Pipeline->Illuminate\\Pipeline\\{closure}(Object(Illuminate\\Http\\Request))
#46 /Users/stellaning/work/Facebook whatsApp/social_media_saas_admin/backend/vendor/laravel/framework/src/Illuminate/Pipeline/Pipeline.php(209): Illuminate\\Http\\Middleware\\ValidatePostSize->handle(Object(Illuminate\\Http\\Request), Object(Closure))
#47 /Users/stellaning/work/Facebook whatsApp/social_media_saas_admin/backend/vendor/laravel/framework/src/Illuminate/Foundation/Http/Middleware/PreventRequestsDuringMaintenance.php(110): Illuminate\\Pipeline\\Pipeline->Illuminate\\Pipeline\\{closure}(Object(Illuminate\\Http\\Request))
#48 /Users/stellaning/work/Facebook whatsApp/social_media_saas_admin/backend/vendor/laravel/framework/src/Illuminate/Pipeline/Pipeline.php(209): Illuminate\\Foundation\\Http\\Middleware\\PreventRequestsDuringMaintenance->handle(Object(Illuminate\\Http\\Request), Object(Closure))
#49 /Users/stellaning/work/Facebook whatsApp/social_media_saas_admin/backend/vendor/laravel/framework/src/Illuminate/Http/Middleware/HandleCors.php(49): Illuminate\\Pipeline\\Pipeline->Illuminate\\Pipeline\\{closure}(Object(Illuminate\\Http\\Request))
#50 /Users/stellaning/work/Facebook whatsApp/social_media_saas_admin/backend/vendor/laravel/framework/src/Illuminate/Pipeline/Pipeline.php(209): Illuminate\\Http\\Middleware\\HandleCors->handle(Object(Illuminate\\Http\\Request), Object(Closure))
#51 /Users/stellaning/work/Facebook whatsApp/social_media_saas_admin/backend/vendor/laravel/framework/src/Illuminate/Http/Middleware/TrustProxies.php(58): Illuminate\\Pipeline\\Pipeline->Illuminate\\Pipeline\\{closure}(Object(Illuminate\\Http\\Request))
#52 /Users/stellaning/work/Facebook whatsApp/social_media_saas_admin/backend/vendor/laravel/framework/src/Illuminate/Pipeline/Pipeline.php(209): Illuminate\\Http\\Middleware\\TrustProxies->handle(Object(Illuminate\\Http\\Request), Object(Closure))
#53 /Users/stellaning/work/Facebook whatsApp/social_media_saas_admin/backend/vendor/laravel/framework/src/Illuminate/Foundation/Http/Middleware/InvokeDeferredCallbacks.php(22): Illuminate\\Pipeline\\Pipeline->Illuminate\\Pipeline\\{closure}(Object(Illuminate\\Http\\Request))
#54 /Users/stellaning/work/Facebook whatsApp/social_media_saas_admin/backend/vendor/laravel/framework/src/Illuminate/Pipeline/Pipeline.php(209): Illuminate\\Foundation\\Http\\Middleware\\InvokeDeferredCallbacks->handle(Object(Illuminate\\Http\\Request), Object(Closure))
#55 /Users/stellaning/work/Facebook whatsApp/social_media_saas_admin/backend/vendor/laravel/framework/src/Illuminate/Pipeline/Pipeline.php(127): Illuminate\\Pipeline\\Pipeline->Illuminate\\Pipeline\\{closure}(Object(Illuminate\\Http\\Request))
#56 /Users/stellaning/work/Facebook whatsApp/social_media_saas_admin/backend/vendor/laravel/framework/src/Illuminate/Foundation/Http/Kernel.php(176): Illuminate\\Pipeline\\Pipeline->then(Object(Closure))
#57 /Users/stellaning/work/Facebook whatsApp/social_media_saas_admin/backend/vendor/laravel/framework/src/Illuminate/Foundation/Http/Kernel.php(145): Illuminate\\Foundation\\Http\\Kernel->sendRequestThroughRouter(Object(Illuminate\\Http\\Request))
#58 /Users/stellaning/work/Facebook whatsApp/social_media_saas_admin/backend/vendor/laravel/framework/src/Illuminate/Foundation/Application.php(1220): Illuminate\\Foundation\\Http\\Kernel->handle(Object(Illuminate\\Http\\Request))
#59 /Users/stellaning/work/Facebook whatsApp/social_media_saas_admin/backend/public/index.php(23): Illuminate\\Foundation\\Application->handleRequest(Object(Illuminate\\Http\\Request))
#60 /Users/stellaning/work/Facebook whatsApp/social_media_saas_admin/backend/vendor/laravel/framework/src/Illuminate/Foundation/resources/server.php(23): require_once('/Users/stellani...')
#61 {main}
"} 
[2026-08-04 16:26:10] local.ERROR: Connection refused [tcp://127.0.0.1:6379] {"exception":"[object] (Predis\\Connection\\Resource\\Exception\\StreamInitException(code: 61): Connection refused [tcp://127.0.0.1:6379] at /Users/stellaning/work/Facebook whatsApp/social_media_saas_admin/backend/vendor/predis/predis/src/Connection/Resource/StreamFactory.php:241)
[stacktrace]
#0 /Users/stellaning/work/Facebook whatsApp/social_media_saas_admin/backend/vendor/predis/predis/src/Connection/Resource/StreamFactory.php(214): Predis\\Connection\\Resource\\StreamFactory->onInitializationError(false, Object(Predis\\Connection\\Parameters), 'Connection refu...', 61)
#1 /Users/stellaning/work/Facebook whatsApp/social_media_saas_admin/backend/vendor/predis/predis/src/Connection/Resource/StreamFactory.php(109): Predis\\Connection\\Resource\\StreamFactory->createStreamSocket(Object(Predis\\Connection\\Parameters), 'tcp://127.0.0.1...', 4)
#2 /Users/stellaning/work/Facebook whatsApp/social_media_saas_admin/backend/vendor/predis/predis/src/Connection/Resource/StreamFactory.php(33): Predis\\Connection\\Resource\\StreamFactory->tcpStreamInitializer(Object(Predis\\Connection\\Parameters))
#3 /Users/stellaning/work/Facebook whatsApp/social_media_saas_admin/backend/vendor/predis/predis/src/Connection/StreamConnection.php(84): Predis\\Connection\\Resource\\StreamFactory->createStream(Object(Predis\\Connection\\Parameters))
#4 /Users/stellaning/work/Facebook whatsApp/social_media_saas_admin/backend/vendor/predis/predis/src/Connection/AbstractConnection.php(98): Predis\\Connection\\StreamConnection->createResource()
#5 /Users/stellaning/work/Facebook whatsApp/social_media_saas_admin/backend/vendor/predis/predis/src/Connection/StreamConnection.php(92): Predis\\Connection\\AbstractConnection->connect()
#6 /Users/stellaning/work/Facebook whatsApp/social_media_saas_admin/backend/vendor/predis/predis/src/Connection/AbstractConnection.php(198): Predis\\Connection\\StreamConnection->connect()
#7 /Users/stellaning/work/Facebook whatsApp/social_media_saas_admin/backend/vendor/predis/predis/src/Connection/StreamConnection.php(151): Predis\\Connection\\AbstractConnection->getResource()
#8 /Users/stellaning/work/Facebook whatsApp/social_media_saas_admin/backend/vendor/predis/predis/src/Connection/StreamConnection.php(265): Predis\\Connection\\StreamConnection->write('*2\\r\\n$3\\r\\nGET\\r\\n$7...')
#9 /Users/stellaning/work/Facebook whatsApp/social_media_saas_admin/backend/vendor/predis/predis/src/Connection/AbstractConnection.php(135): Predis\\Connection\\StreamConnection->writeRequest(Object(Predis\\Command\\Redis\\GET))
#10 /Users/stellaning/work/Facebook whatsApp/social_media_saas_admin/backend/vendor/predis/predis/src/Client.php(390): Predis\\Connection\\AbstractConnection->executeCommand(Object(Predis\\Command\\Redis\\GET))
#11 /Users/stellaning/work/Facebook whatsApp/social_media_saas_admin/backend/vendor/predis/predis/src/Retry/Retry.php(111): Predis\\Client->Predis\\{closure}()
#12 /Users/stellaning/work/Facebook whatsApp/social_media_saas_admin/backend/vendor/predis/predis/src/Client.php(388): Predis\\Retry\\Retry->callWithRetry(Object(Closure), Object(Closure))
#13 /Users/stellaning/work/Facebook whatsApp/social_media_saas_admin/backend/vendor/predis/predis/src/Client.php(336): Predis\\Client->executeCommand(Object(Predis\\Command\\Redis\\GET))
#14 /Users/stellaning/work/Facebook whatsApp/social_media_saas_admin/backend/vendor/laravel/framework/src/Illuminate/Redis/Connections/Connection.php(116): Predis\\Client->__call('get', Array)
#15 /Users/stellaning/work/Facebook whatsApp/social_media_saas_admin/backend/vendor/laravel/framework/src/Illuminate/Redis/Connections/Connection.php(229): Illuminate\\Redis\\Connections\\Connection->command('get', Array)
#16 /Users/stellaning/work/Facebook whatsApp/social_media_saas_admin/backend/vendor/laravel/framework/src/Illuminate/Cache/RedisStore.php(73): Illuminate\\Redis\\Connections\\Connection->__call('get', Array)
#17 /Users/stellaning/work/Facebook whatsApp/social_media_saas_admin/backend/vendor/laravel/framework/src/Illuminate/Cache/Repository.php(117): Illuminate\\Cache\\RedisStore->get('JBXxAcK3tBHNi5V...')
#18 /Users/stellaning/work/Facebook whatsApp/social_media_saas_admin/backend/vendor/laravel/framework/src/Illuminate/Session/CacheBasedSessionHandler.php(64): Illuminate\\Cache\\Repository->get('JBXxAcK3tBHNi5V...', '')
#19 /Users/stellaning/work/Facebook whatsApp/social_media_saas_admin/backend/vendor/laravel/framework/src/Illuminate/Session/Store.php(117): Illuminate\\Session\\CacheBasedSessionHandler->read('JBXxAcK3tBHNi5V...')
#20 /Users/stellaning/work/Facebook whatsApp/social_media_saas_admin/backend/vendor/laravel/framework/src/Illuminate/Session/Store.php(105): Illuminate\\Session\\Store->readFromHandler()
#21 /Users/stellaning/work/Facebook whatsApp/social_media_saas_admin/backend/vendor/laravel/framework/src/Illuminate/Session/Store.php(89): Illuminate\\Session\\Store->loadSession()
#22 /Users/stellaning/work/Facebook whatsApp/social_media_saas_admin/backend/vendor/laravel/framework/src/Illuminate/Session/Middleware/StartSession.php(147): Illuminate\\Session\\Store->start()
#23 /Users/stellaning/work/Facebook whatsApp/social_media_saas_admin/backend/vendor/laravel/framework/src/Illuminate/Support/helpers.php(399): Illuminate\\Session\\Middleware\\StartSession->Illuminate\\Session\\Middleware\\{closure}(Object(Illuminate\\Session\\Store))
#24 /Users/stellaning/work/Facebook whatsApp/social_media_saas_admin/backend/vendor/laravel/framework/src/Illuminate/Session/Middleware/StartSession.php(144): tap(Object(Illuminate\\Session\\Store), Object(Closure))
#25 /Users/stellaning/work/Facebook whatsApp/social_media_saas_admin/backend/vendor/laravel/framework/src/Illuminate/Session/Middleware/StartSession.php(116): Illuminate\\Session\\Middleware\\StartSession->startSession(Object(Illuminate\\Http\\Request), Object(Illuminate\\Session\\Store))
#26 /Users/stellaning/work/Facebook whatsApp/social_media_saas_admin/backend/vendor/laravel/framework/src/Illuminate/Session/Middleware/StartSession.php(64): Illuminate\\Session\\Middleware\\StartSession->handleStatefulRequest(Object(Illuminate\\Http\\Request), Object(Illuminate\\Session\\Store), Object(Closure))
#27 /Users/stellaning/work/Facebook whatsApp/social_media_saas_admin/backend/vendor/laravel/framework/src/Illuminate/Pipeline/Pipeline.php(209): Illuminate\\Session\\Middleware\\StartSession->handle(Object(Illuminate\\Http\\Request), Object(Closure))
#28 /Users/stellaning/work/Facebook whatsApp/social_media_saas_admin/backend/vendor/laravel/framework/src/Illuminate/Cookie/Middleware/AddQueuedCookiesToResponse.php(37): Illuminate\\Pipeline\\Pipeline->Illuminate\\Pipeline\\{closure}(Object(Illuminate\\Http\\Request))
#29 /Users/stellaning/work/Facebook whatsApp/social_media_saas_admin/backend/vendor/laravel/framework/src/Illuminate/Pipeline/Pipeline.php(209): Illuminate\\Cookie\\Middleware\\AddQueuedCookiesToResponse->handle(Object(Illuminate\\Http\\Request), Object(Closure))
#30 /Users/stellaning/work/Facebook whatsApp/social_media_saas_admin/backend/vendor/laravel/framework/src/Illuminate/Cookie/Middleware/EncryptCookies.php(75): Illuminate\\Pipeline\\Pipeline->Illuminate\\Pipeline\\{closure}(Object(Illuminate\\Http\\Request))
#31 /Users/stellaning/work/Facebook whatsApp/social_media_saas_admin/backend/vendor/laravel/framework/src/Illuminate/Pipeline/Pipeline.php(209): Illuminate\\Cookie\\Middleware\\EncryptCookies->handle(Object(Illuminate\\Http\\Request), Object(Closure))
#32 /Users/stellaning/work/Facebook whatsApp/social_media_saas_admin/backend/vendor/laravel/framework/src/Illuminate/Pipeline/Pipeline.php(127): Illuminate\\Pipeline\\Pipeline->Illuminate\\Pipeline\\{closure}(Object(Illuminate\\Http\\Request))
#33 /Users/stellaning/work/Facebook whatsApp/social_media_saas_admin/backend/vendor/laravel/framework/src/Illuminate/Routing/Router.php(807): Illuminate\\Pipeline\\Pipeline->then(Object(Closure))
#34 /Users/stellaning/work/Facebook whatsApp/social_media_saas_admin/backend/vendor/laravel/framework/src/Illuminate/Routing/Router.php(786): Illuminate\\Routing\\Router->runRouteWithinStack(Object(Illuminate\\Routing\\Route), Object(Illuminate\\Http\\Request))
#35 /Users/stellaning/work/Facebook whatsApp/social_media_saas_admin/backend/vendor/laravel/framework/src/Illuminate/Routing/Router.php(750): Illuminate\\Routing\\Router->runRoute(Object(Illuminate\\Http\\Request), Object(Illuminate\\Routing\\Route))
#36 /Users/stellaning/work/Facebook whatsApp/social_media_saas_admin/backend/vendor/laravel/framework/src/Illuminate/Routing/Router.php(739): Illuminate\\Routing\\Router->dispatchToRoute(Object(Illuminate\\Http\\Request))
#37 /Users/stellaning/work/Facebook whatsApp/social_media_saas_admin/backend/vendor/laravel/framework/src/Illuminate/Foundation/Http/Kernel.php(201): Illuminate\\Routing\\Router->dispatch(Object(Illuminate\\Http\\Request))
#38 /Users/stellaning/work/Facebook whatsApp/social_media_saas_admin/backend/vendor/laravel/framework/src/Illuminate/Pipeline/Pipeline.php(170): Illuminate\\Foundation\\Http\\Kernel->Illuminate\\Foundation\\Http\\{closure}(Object(Illuminate\\Http\\Request))
#39 /Users/stellaning/work/Facebook whatsApp/social_media_saas_admin/backend/vendor/laravel/framework/src/Illuminate/Foundation/Http/Middleware/TransformsRequest.php(21): Illuminate\\Pipeline\\Pipeline->Illuminate\\Pipeline\\{closure}(Object(Illuminate\\Http\\Request))
#40 /Users/stellaning/work/Facebook whatsApp/social_media_saas_admin/backend/vendor/laravel/framework/src/Illuminate/Foundation/Http/Middleware/ConvertEmptyStringsToNull.php(31): Illuminate\\Foundation\\Http\\Middleware\\TransformsRequest->handle(Object(Illuminate\\Http\\Request), Object(Closure))
#41 /Users/stellaning/work/Facebook whatsApp/social_media_saas_admin/backend/vendor/laravel/framework/src/Illuminate/Pipeline/Pipeline.php(209): Illuminate\\Foundation\\Http\\Middleware\\ConvertEmptyStringsToNull->handle(Object(Illuminate\\Http\\Request), Object(Closure))
#42 /Users/stellaning/work/Facebook whatsApp/social_media_saas_admin/backend/vendor/laravel/framework/src/Illuminate/Foundation/Http/Middleware/TransformsRequest.php(21): Illuminate\\Pipeline\\Pipeline->Illuminate\\Pipeline\\{closure}(Object(Illuminate\\Http\\Request))
#43 /Users/stellaning/work/Facebook whatsApp/social_media_saas_admin/backend/vendor/laravel/framework/src/Illuminate/Foundation/Http/Middleware/TrimStrings.php(51): Illuminate\\Foundation\\Http\\Middleware\\TransformsRequest->handle(Object(Illuminate\\Http\\Request), Object(Closure))
#44 /Users/stellaning/work/Facebook whatsApp/social_media_saas_admin/backend/vendor/laravel/framework/src/Illuminate/Pipeline/Pipeline.php(209): Illuminate\\Foundation\\Http\\Middleware\\TrimStrings->handle(Object(Illuminate\\Http\\Request), Object(Closure))
#45 /Users/stellaning/work/Facebook whatsApp/social_media_saas_admin/backend/vendor/laravel/framework/src/Illuminate/Http/Middleware/ValidatePostSize.php(27): Illuminate\\Pipeline\\Pipeline->Illuminate\\Pipeline\\{closure}(Object(Illuminate\\Http\\Request))
#46 /Users/stellaning/work/Facebook whatsApp/social_media_saas_admin/backend/vendor/laravel/framework/src/Illuminate/Pipeline/Pipeline.php(209): Illuminate\\Http\\Middleware\\ValidatePostSize->handle(Object(Illuminate\\Http\\Request), Object(Closure))
#47 /Users/stellaning/work/Facebook whatsApp/social_media_saas_admin/backend/vendor/laravel/framework/src/Illuminate/Foundation/Http/Middleware/PreventRequestsDuringMaintenance.php(110): Illuminate\\Pipeline\\Pipeline->Illuminate\\Pipeline\\{closure}(Object(Illuminate\\Http\\Request))
#48 /Users/stellaning/work/Facebook whatsApp/social_media_saas_admin/backend/vendor/laravel/framework/src/Illuminate/Pipeline/Pipeline.php(209): Illuminate\\Foundation\\Http\\Middleware\\PreventRequestsDuringMaintenance->handle(Object(Illuminate\\Http\\Request), Object(Closure))
#49 /Users/stellaning/work/Facebook whatsApp/social_media_saas_admin/backend/vendor/laravel/framework/src/Illuminate/Http/Middleware/HandleCors.php(49): Illuminate\\Pipeline\\Pipeline->Illuminate\\Pipeline\\{closure}(Object(Illuminate\\Http\\Request))
#50 /Users/stellaning/work/Facebook whatsApp/social_media_saas_admin/backend/vendor/laravel/framework/src/Illuminate/Pipeline/Pipeline.php(209): Illuminate\\Http\\Middleware\\HandleCors->handle(Object(Illuminate\\Http\\Request), Object(Closure))
#51 /Users/stellaning/work/Facebook whatsApp/social_media_saas_admin/backend/vendor/laravel/framework/src/Illuminate/Http/Middleware/TrustProxies.php(58): Illuminate\\Pipeline\\Pipeline->Illuminate\\Pipeline\\{closure}(Object(Illuminate\\Http\\Request))
#52 /Users/stellaning/work/Facebook whatsApp/social_media_saas_admin/backend/vendor/laravel/framework/src/Illuminate/Pipeline/Pipeline.php(209): Illuminate\\Http\\Middleware\\TrustProxies->handle(Object(Illuminate\\Http\\Request), Object(Closure))
#53 /Users/stellaning/work/Facebook whatsApp/social_media_saas_admin/backend/vendor/laravel/framework/src/Illuminate/Foundation/Http/Middleware/InvokeDeferredCallbacks.php(22): Illuminate\\Pipeline\\Pipeline->Illuminate\\Pipeline\\{closure}(Object(Illuminate\\Http\\Request))
#54 /Users/stellaning/work/Facebook whatsApp/social_media_saas_admin/backend/vendor/laravel/framework/src/Illuminate/Pipeline/Pipeline.php(209): Illuminate\\Foundation\\Http\\Middleware\\InvokeDeferredCallbacks->handle(Object(Illuminate\\Http\\Request), Object(Closure))
#55 /Users/stellaning/work/Facebook whatsApp/social_media_saas_admin/backend/vendor/laravel/framework/src/Illuminate/Pipeline/Pipeline.php(127): Illuminate\\Pipeline\\Pipeline->Illuminate\\Pipeline\\{closure}(Object(Illuminate\\Http\\Request))
#56 /Users/stellaning/work/Facebook whatsApp/social_media_saas_admin/backend/vendor/laravel/framework/src/Illuminate/Foundation/Http/Kernel.php(176): Illuminate\\Pipeline\\Pipeline->then(Object(Closure))
#57 /Users/stellaning/work/Facebook whatsApp/social_media_saas_admin/backend/vendor/laravel/framework/src/Illuminate/Foundation/Http/Kernel.php(145): Illuminate\\Foundation\\Http\\Kernel->sendRequestThroughRouter(Object(Illuminate\\Http\\Request))
#58 /Users/stellaning/work/Facebook whatsApp/social_media_saas_admin/backend/vendor/laravel/framework/src/Illuminate/Foundation/Application.php(1220): Illuminate\\Foundation\\Http\\Kernel->handle(Object(Illuminate\\Http\\Request))
#59 /Users/stellaning/work/Facebook whatsApp/social_media_saas_admin/backend/public/index.php(23): Illuminate\\Foundation\\Application->handleRequest(Object(Illuminate\\Http\\Request))
#60 /Users/stellaning/work/Facebook whatsApp/social_media_saas_admin/backend/vendor/laravel/framework/src/Illuminate/Foundation/resources/server.php(23): require_once('/Users/stellani...')
#61 {main}
"} 
[2026-08-04 19:03:56] local.ERROR: SQLSTATE[42S02]: Base table or view not found: 1146 Table 'ssocial_ai_saas.saas_social_account' doesn't exist (Connection: mysql, SQL: select * from `saas_social_account` where `saas_social_account`.`id` is null limit 1) {"userId":2,"exception":"[object] (Illuminate\\Database\\QueryException(code: 42S02): SQLSTATE[42S02]: Base table or view not found: 1146 Table 'ssocial_ai_saas.saas_social_account' doesn't exist (Connection: mysql, SQL: select * from `saas_social_account` where `saas_social_account`.`id` is null limit 1) at /Users/stellaning/work/Facebook whatsApp/social_media_saas_admin/backend/vendor/laravel/framework/src/Illuminate/Database/Connection.php:825)
[stacktrace]
#0 /Users/stellaning/work/Facebook whatsApp/social_media_saas_admin/backend/vendor/laravel/framework/src/Illuminate/Database/Connection.php(779): Illuminate\\Database\\Connection->runQueryCallback('select * from `...', Array, Object(Closure))
#1 /Users/stellaning/work/Facebook whatsApp/social_media_saas_admin/backend/vendor/laravel/framework/src/Illuminate/Database/Connection.php(398): Illuminate\\Database\\Connection->run('select * from `...', Array, Object(Closure))
#2 /Users/stellaning/work/Facebook whatsApp/social_media_saas_admin/backend/vendor/laravel/framework/src/Illuminate/Database/Query/Builder.php(3106): Illuminate\\Database\\Connection->select('select * from `...', Array, true)
#3 /Users/stellaning/work/Facebook whatsApp/social_media_saas_admin/backend/vendor/laravel/framework/src/Illuminate/Database/Query/Builder.php(3091): Illuminate\\Database\\Query\\Builder->runSelect()
#4 /Users/stellaning/work/Facebook whatsApp/social_media_saas_admin/backend/vendor/laravel/framework/src/Illuminate/Database/Query/Builder.php(3676): Illuminate\\Database\\Query\\Builder->Illuminate\\Database\\Query\\{closure}()
#5 /Users/stellaning/work/Facebook whatsApp/social_media_saas_admin/backend/vendor/laravel/framework/src/Illuminate/Database/Query/Builder.php(3090): Illuminate\\Database\\Query\\Builder->onceWithColumns(Array, Object(Closure))
#6 /Users/stellaning/work/Facebook whatsApp/social_media_saas_admin/backend/vendor/laravel/framework/src/Illuminate/Database/Eloquent/Builder.php(811): Illuminate\\Database\\Query\\Builder->get(Array)
#7 /Users/stellaning/work/Facebook whatsApp/social_media_saas_admin/backend/vendor/laravel/framework/src/Illuminate/Database/Eloquent/Builder.php(793): Illuminate\\Database\\Eloquent\\Builder->getModels(Array)
#8 /Users/stellaning/work/Facebook whatsApp/social_media_saas_admin/backend/vendor/laravel/framework/src/Illuminate/Database/Concerns/BuildsQueries.php(343): Illuminate\\Database\\Eloquent\\Builder->get(Array)
#9 /Users/stellaning/work/Facebook whatsApp/social_media_saas_admin/backend/vendor/laravel/framework/src/Illuminate/Support/Traits/ForwardsCalls.php(23): Illuminate\\Database\\Eloquent\\Builder->first()
#10 /Users/stellaning/work/Facebook whatsApp/social_media_saas_admin/backend/vendor/laravel/framework/src/Illuminate/Support/Traits/ForwardsCalls.php(52): Illuminate\\Database\\Eloquent\\Relations\\Relation->forwardCallTo(Object(Illuminate\\Database\\Eloquent\\Builder), 'first', Array)
#11 /Users/stellaning/work/Facebook whatsApp/social_media_saas_admin/backend/vendor/laravel/framework/src/Illuminate/Database/Eloquent/Relations/Relation.php(538): Illuminate\\Database\\Eloquent\\Relations\\Relation->forwardDecoratedCallTo(Object(Illuminate\\Database\\Eloquent\\Builder), 'first', Array)
#12 /Users/stellaning/work/Facebook whatsApp/social_media_saas_admin/backend/app/Models/CrawlerTask.php(48): Illuminate\\Database\\Eloquent\\Relations\\Relation->__call('first', Array)
#13 /Users/stellaning/work/Facebook whatsApp/social_media_saas_admin/backend/app/Models/CrawlerTask.php(54): App\\Models\\CrawlerTask->resolveBoundProxy()
#14 /Users/stellaning/work/Facebook whatsApp/social_media_saas_admin/backend/app/Http/Controllers/Api/CrawlerTaskController.php(24): App\\Models\\CrawlerTask->toFrontendArray()
#15 [internal function]: App\\Http\\Controllers\\Api\\CrawlerTaskController->App\\Http\\Controllers\\Api\\{closure}(Object(App\\Models\\CrawlerTask), 0)
#16 /Users/stellaning/work/Facebook whatsApp/social_media_saas_admin/backend/vendor/laravel/framework/src/Illuminate/Collections/Arr.php(609): array_map(Object(Closure), Array, Array)
#17 /Users/stellaning/work/Facebook whatsApp/social_media_saas_admin/backend/vendor/laravel/framework/src/Illuminate/Collections/Collection.php(799): Illuminate\\Support\\Arr::map(Array, Object(Closure))
#18 /Users/stellaning/work/Facebook whatsApp/social_media_saas_admin/backend/vendor/laravel/framework/src/Illuminate/Database/Eloquent/Collection.php(388): Illuminate\\Support\\Collection->map(Object(Closure))
#19 /Users/stellaning/work/Facebook whatsApp/social_media_saas_admin/backend/vendor/laravel/framework/src/Illuminate/Collections/Collection.php(1726): Illuminate\\Database\\Eloquent\\Collection->map(Object(Closure))
#20 /Users/stellaning/work/Facebook whatsApp/social_media_saas_admin/backend/app/Http/Controllers/Api/CrawlerTaskController.php(24): Illuminate\\Support\\Collection->transform(Object(Closure))
#21 /Users/stellaning/work/Facebook whatsApp/social_media_saas_admin/backend/vendor/laravel/framework/src/Illuminate/Routing/ControllerDispatcher.php(47): App\\Http\\Controllers\\Api\\CrawlerTaskController->index(Object(Illuminate\\Http\\Request))
#22 /Users/stellaning/work/Facebook whatsApp/social_media_saas_admin/backend/vendor/laravel/framework/src/Illuminate/Routing/Route.php(266): Illuminate\\Routing\\ControllerDispatcher->dispatch(Object(Illuminate\\Routing\\Route), Object(App\\Http\\Controllers\\Api\\CrawlerTaskController), 'index')
#23 /Users/stellaning/work/Facebook whatsApp/social_media_saas_admin/backend/vendor/laravel/framework/src/Illuminate/Routing/Route.php(212): Illuminate\\Routing\\Route->runController()
#24 /Users/stellaning/work/Facebook whatsApp/social_media_saas_admin/backend/vendor/laravel/framework/src/Illuminate/Routing/Router.php(808): Illuminate\\Routing\\Route->run()
#25 /Users/stellaning/work/Facebook whatsApp/social_media_saas_admin/backend/vendor/laravel/framework/src/Illuminate/Pipeline/Pipeline.php(170): Illuminate\\Routing\\Router->Illuminate\\Routing\\{closure}(Object(Illuminate\\Http\\Request))
#26 /Users/stellaning/work/Facebook whatsApp/social_media_saas_admin/backend/app/Http/Middleware/EnsureRolePermission.php(26): Illuminate\\Pipeline\\Pipeline->Illuminate\\Pipeline\\{closure}(Object(Illuminate\\Http\\Request))
#27 /Users/stellaning/work/Facebook whatsApp/social_media_saas_admin/backend/vendor/laravel/framework/src/Illuminate/Pipeline/Pipeline.php(209): App\\Http\\Middleware\\EnsureRolePermission->handle(Object(Illuminate\\Http\\Request), Object(Closure), 'crawler-tasks')
#28 /Users/stellaning/work/Facebook whatsApp/social_media_saas_admin/backend/vendor/laravel/framework/src/Illuminate/Routing/Middleware/SubstituteBindings.php(51): Illuminate\\Pipeline\\Pipeline->Illuminate\\Pipeline\\{closure}(Object(Illuminate\\Http\\Request))
#29 /Users/stellaning/work/Facebook whatsApp/social_media_saas_admin/backend/vendor/laravel/framework/src/Illuminate/Pipeline/Pipeline.php(209): Illuminate\\Routing\\Middleware\\SubstituteBindings->handle(Object(Illuminate\\Http\\Request), Object(Closure))
#30 /Users/stellaning/work/Facebook whatsApp/social_media_saas_admin/backend/vendor/laravel/framework/src/Illuminate/Auth/Middleware/Authenticate.php(64): Illuminate\\Pipeline\\Pipeline->Illuminate\\Pipeline\\{closure}(Object(Illuminate\\Http\\Request))
#31 /Users/stellaning/work/Facebook whatsApp/social_media_saas_admin/backend/vendor/laravel/framework/src/Illuminate/Pipeline/Pipeline.php(209): Illuminate\\Auth\\Middleware\\Authenticate->handle(Object(Illuminate\\Http\\Request), Object(Closure), 'sanctum')
#32 /Users/stellaning/work/Facebook whatsApp/social_media_saas_admin/backend/vendor/laravel/framework/src/Illuminate/Pipeline/Pipeline.php(127): Illuminate\\Pipeline\\Pipeline->Illuminate\\Pipeline\\{closure}(Object(Illuminate\\Http\\Request))
#33 /Users/stellaning/work/Facebook whatsApp/social_media_saas_admin/backend/vendor/laravel/framework/src/Illuminate/Routing/Router.php(807): Illuminate\\Pipeline\\Pipeline->then(Object(Closure))
#34 /Users/stellaning/work/Facebook whatsApp/social_media_saas_admin/backend/vendor/laravel/framework/src/Illuminate/Routing/Router.php(786): Illuminate\\Routing\\Router->runRouteWithinStack(Object(Illuminate\\Routing\\Route), Object(Illuminate\\Http\\Request))
#35 /Users/stellaning/work/Facebook whatsApp/social_media_saas_admin/backend/vendor/laravel/framework/src/Illuminate/Routing/Router.php(750): Illuminate\\Routing\\Router->runRoute(Object(Illuminate\\Http\\Request), Object(Illuminate\\Routing\\Route))
#36 /Users/stellaning/work/Facebook whatsApp/social_media_saas_admin/backend/vendor/laravel/framework/src/Illuminate/Routing/Router.php(739): Illuminate\\Routing\\Router->dispatchToRoute(Object(Illuminate\\Http\\Request))
#37 /Users/stellaning/work/Facebook whatsApp/social_media_saas_admin/backend/vendor/laravel/framework/src/Illuminate/Foundation/Http/Kernel.php(201): Illuminate\\Routing\\Router->dispatch(Object(Illuminate\\Http\\Request))
#38 /Users/stellaning/work/Facebook whatsApp/social_media_saas_admin/backend/vendor/laravel/framework/src/Illuminate/Pipeline/Pipeline.php(170): Illuminate\\Foundation\\Http\\Kernel->Illuminate\\Foundation\\Http\\{closure}(Object(Illuminate\\Http\\Request))
#39 /Users/stellaning/work/Facebook whatsApp/social_media_saas_admin/backend/vendor/laravel/framework/src/Illuminate/Foundation/Http/Middleware/TransformsRequest.php(21): Illuminate\\Pipeline\\Pipeline->Illuminate\\Pipeline\\{closure}(Object(Illuminate\\Http\\Request))
#40 /Users/stellaning/work/Facebook whatsApp/social_media_saas_admin/backend/vendor/laravel/framework/src/Illuminate/Foundation/Http/Middleware/ConvertEmptyStringsToNull.php(31): Illuminate\\Foundation\\Http\\Middleware\\TransformsRequest->handle(Object(Illuminate\\Http\\Request), Object(Closure))
#41 /Users/stellaning/work/Facebook whatsApp/social_media_saas_admin/backend/vendor/laravel/framework/src/Illuminate/Pipeline/Pipeline.php(209): Illuminate\\Foundation\\Http\\Middleware\\ConvertEmptyStringsToNull->handle(Object(Illuminate\\Http\\Request), Object(Closure))
#42 /Users/stellaning/work/Facebook whatsApp/social_media_saas_admin/backend/vendor/laravel/framework/src/Illuminate/Foundation/Http/Middleware/TransformsRequest.php(21): Illuminate\\Pipeline\\Pipeline->Illuminate\\Pipeline\\{closure}(Object(Illuminate\\Http\\Request))
#43 /Users/stellaning/work/Facebook whatsApp/social_media_saas_admin/backend/vendor/laravel/framework/src/Illuminate/Foundation/Http/Middleware/TrimStrings.php(51): Illuminate\\Foundation\\Http\\Middleware\\TransformsRequest->handle(Object(Illuminate\\Http\\Request), Object(Closure))
#44 /Users/stellaning/work/Facebook whatsApp/social_media_saas_admin/backend/vendor/laravel/framework/src/Illuminate/Pipeline/Pipeline.php(209): Illuminate\\Foundation\\Http\\Middleware\\TrimStrings->handle(Object(Illuminate\\Http\\Request), Object(Closure))
#45 /Users/stellaning/work/Facebook whatsApp/social_media_saas_admin/backend/vendor/laravel/framework/src/Illuminate/Http/Middleware/ValidatePostSize.php(27): Illuminate\\Pipeline\\Pipeline->Illuminate\\Pipeline\\{closure}(Object(Illuminate\\Http\\Request))
#46 /Users/stellaning/work/Facebook whatsApp/social_media_saas_admin/backend/vendor/laravel/framework/src/Illuminate/Pipeline/Pipeline.php(209): Illuminate\\Http\\Middleware\\ValidatePostSize->handle(Object(Illuminate\\Http\\Request), Object(Closure))
#47 /Users/stellaning/work/Facebook whatsApp/social_media_saas_admin/backend/vendor/laravel/framework/src/Illuminate/Foundation/Http/Middleware/PreventRequestsDuringMaintenance.php(110): Illuminate\\Pipeline\\Pipeline->Illuminate\\Pipeline\\{closure}(Object(Illuminate\\Http\\Request))
#48 /Users/stellaning/work/Facebook whatsApp/social_media_saas_admin/backend/vendor/laravel/framework/src/Illuminate/Pipeline/Pipeline.php(209): Illuminate\\Foundation\\Http\\Middleware\\PreventRequestsDuringMaintenance->handle(Object(Illuminate\\Http\\Request), Object(Closure))
#49 /Users/stellaning/work/Facebook whatsApp/social_media_saas_admin/backend/vendor/laravel/framework/src/Illuminate/Http/Middleware/HandleCors.php(62): Illuminate\\Pipeline\\Pipeline->Illuminate\\Pipeline\\{closure}(Object(Illuminate\\Http\\Request))
#50 /Users/stellaning/work/Facebook whatsApp/social_media_saas_admin/backend/vendor/laravel/framework/src/Illuminate/Pipeline/Pipeline.php(209): Illuminate\\Http\\Middleware\\HandleCors->handle(Object(Illuminate\\Http\\Request), Object(Closure))
#51 /Users/stellaning/work/Facebook whatsApp/social_media_saas_admin/backend/vendor/laravel/framework/src/Illuminate/Http/Middleware/TrustProxies.php(58): Illuminate\\Pipeline\\Pipeline->Illuminate\\Pipeline\\{closure}(Object(Illuminate\\Http\\Request))
#52 /Users/stellaning/work/Facebook whatsApp/social_media_saas_admin/backend/vendor/laravel/framework/src/Illuminate/Pipeline/Pipeline.php(209): Illuminate\\Http\\Middleware\\TrustProxies->handle(Object(Illuminate\\Http\\Request), Object(Closure))
#53 /Users/stellaning/work/Facebook whatsApp/social_media_saas_admin/backend/vendor/laravel/framework/src/Illuminate/Foundation/Http/Middleware/InvokeDeferredCallbacks.php(22): Illuminate\\Pipeline\\Pipeline->Illuminate\\Pipeline\\{closure}(Object(Illuminate\\Http\\Request))
#54 /Users/stellaning/work/Facebook whatsApp/social_media_saas_admin/backend/vendor/laravel/framework/src/Illuminate/Pipeline/Pipeline.php(209): Illuminate\\Foundation\\Http\\Middleware\\InvokeDeferredCallbacks->handle(Object(Illuminate\\Http\\Request), Object(Closure))
#55 /Users/stellaning/work/Facebook whatsApp/social_media_saas_admin/backend/vendor/laravel/framework/src/Illuminate/Pipeline/Pipeline.php(127): Illuminate\\Pipeline\\Pipeline->Illuminate\\Pipeline\\{closure}(Object(Illuminate\\Http\\Request))
#56 /Users/stellaning/work/Facebook whatsApp/social_media_saas_admin/backend/vendor/laravel/framework/src/Illuminate/Foundation/Http/Kernel.php(176): Illuminate\\Pipeline\\Pipeline->then(Object(Closure))
#57 /Users/stellaning/work/Facebook whatsApp/social_media_saas_admin/backend/vendor/laravel/framework/src/Illuminate/Foundation/Http/Kernel.php(145): Illuminate\\Foundation\\Http\\Kernel->sendRequestThroughRouter(Object(Illuminate\\Http\\Request))
#58 /Users/stellaning/work/Facebook whatsApp/social_media_saas_admin/backend/vendor/laravel/framework/src/Illuminate/Foundation/Application.php(1220): Illuminate\\Foundation\\Http\\Kernel->handle(Object(Illuminate\\Http\\Request))
#59 /Users/stellaning/work/Facebook whatsApp/social_media_saas_admin/backend/public/index.php(23): Illuminate\\Foundation\\Application->handleRequest(Object(Illuminate\\Http\\Request))
#60 /Users/stellaning/work/Facebook whatsApp/social_media_saas_admin/backend/vendor/laravel/framework/src/Illuminate/Foundation/resources/server.php(23): require_once('/Users/stellani...')
#61 {main}

[previous exception] [object] (PDOException(code: 42S02): SQLSTATE[42S02]: Base table or view not found: 1146 Table 'ssocial_ai_saas.saas_social_account' doesn't exist at /Users/stellaning/work/Facebook whatsApp/social_media_saas_admin/backend/vendor/laravel/framework/src/Illuminate/Database/Connection.php:407)
[stacktrace]
#0 /Users/stellaning/work/Facebook whatsApp/social_media_saas_admin/backend/vendor/laravel/framework/src/Illuminate/Database/Connection.php(407): PDO->prepare('select * from `...')
#1 /Users/stellaning/work/Facebook whatsApp/social_media_saas_admin/backend/vendor/laravel/framework/src/Illuminate/Database/Connection.php(812): Illuminate\\Database\\Connection->Illuminate\\Database\\{closure}('select * from `...', Array)
#2 /Users/stellaning/work/Facebook whatsApp/social_media_saas_admin/backend/vendor/laravel/framework/src/Illuminate/Database/Connection.php(779): Illuminate\\Database\\Connection->runQueryCallback('select * from `...', Array, Object(Closure))
#3 /Users/stellaning/work/Facebook whatsApp/social_media_saas_admin/backend/vendor/laravel/framework/src/Illuminate/Database/Connection.php(398): Illuminate\\Database\\Connection->run('select * from `...', Array, Object(Closure))
#4 /Users/stellaning/work/Facebook whatsApp/social_media_saas_admin/backend/vendor/laravel/framework/src/Illuminate/Database/Query/Builder.php(3106): Illuminate\\Database\\Connection->select('select * from `...', Array, true)
#5 /Users/stellaning/work/Facebook whatsApp/social_media_saas_admin/backend/vendor/laravel/framework/src/Illuminate/Database/Query/Builder.php(3091): Illuminate\\Database\\Query\\Builder->runSelect()
#6 /Users/stellaning/work/Facebook whatsApp/social_media_saas_admin/backend/vendor/laravel/framework/src/Illuminate/Database/Query/Builder.php(3676): Illuminate\\Database\\Query\\Builder->Illuminate\\Database\\Query\\{closure}()
#7 /Users/stellaning/work/Facebook whatsApp/social_media_saas_admin/backend/vendor/laravel/framework/src/Illuminate/Database/Query/Builder.php(3090): Illuminate\\Database\\Query\\Builder->onceWithColumns(Array, Object(Closure))
#8 /Users/stellaning/work/Facebook whatsApp/social_media_saas_admin/backend/vendor/laravel/framework/src/Illuminate/Database/Eloquent/Builder.php(811): Illuminate\\Database\\Query\\Builder->get(Array)
#9 /Users/stellaning/work/Facebook whatsApp/social_media_saas_admin/backend/vendor/laravel/framework/src/Illuminate/Database/Eloquent/Builder.php(793): Illuminate\\Database\\Eloquent\\Builder->getModels(Array)
#10 /Users/stellaning/work/Facebook whatsApp/social_media_saas_admin/backend/vendor/laravel/framework/src/Illuminate/Database/Concerns/BuildsQueries.php(343): Illuminate\\Database\\Eloquent\\Builder->get(Array)
#11 /Users/stellaning/work/Facebook whatsApp/social_media_saas_admin/backend/vendor/laravel/framework/src/Illuminate/Support/Traits/ForwardsCalls.php(23): Illuminate\\Database\\Eloquent\\Builder->first()
#12 /Users/stellaning/work/Facebook whatsApp/social_media_saas_admin/backend/vendor/laravel/framework/src/Illuminate/Support/Traits/ForwardsCalls.php(52): Illuminate\\Database\\Eloquent\\Relations\\Relation->forwardCallTo(Object(Illuminate\\Database\\Eloquent\\Builder), 'first', Array)
#13 /Users/stellaning/work/Facebook whatsApp/social_media_saas_admin/backend/vendor/laravel/framework/src/Illuminate/Database/Eloquent/Relations/Relation.php(538): Illuminate\\Database\\Eloquent\\Relations\\Relation->forwardDecoratedCallTo(Object(Illuminate\\Database\\Eloquent\\Builder), 'first', Array)
#14 /Users/stellaning/work/Facebook whatsApp/social_media_saas_admin/backend/app/Models/CrawlerTask.php(48): Illuminate\\Database\\Eloquent\\Relations\\Relation->__call('first', Array)
#15 /Users/stellaning/work/Facebook whatsApp/social_media_saas_admin/backend/app/Models/CrawlerTask.php(54): App\\Models\\CrawlerTask->resolveBoundProxy()
#16 /Users/stellaning/work/Facebook whatsApp/social_media_saas_admin/backend/app/Http/Controllers/Api/CrawlerTaskController.php(24): App\\Models\\CrawlerTask->toFrontendArray()
#17 [internal function]: App\\Http\\Controllers\\Api\\CrawlerTaskController->App\\Http\\Controllers\\Api\\{closure}(Object(App\\Models\\CrawlerTask), 0)
#18 /Users/stellaning/work/Facebook whatsApp/social_media_saas_admin/backend/vendor/laravel/framework/src/Illuminate/Collections/Arr.php(609): array_map(Object(Closure), Array, Array)
#19 /Users/stellaning/work/Facebook whatsApp/social_media_saas_admin/backend/vendor/laravel/framework/src/Illuminate/Collections/Collection.php(799): Illuminate\\Support\\Arr::map(Array, Object(Closure))
#20 /Users/stellaning/work/Facebook whatsApp/social_media_saas_admin/backend/vendor/laravel/framework/src/Illuminate/Database/Eloquent/Collection.php(388): Illuminate\\Support\\Collection->map(Object(Closure))
#21 /Users/stellaning/work/Facebook whatsApp/social_media_saas_admin/backend/vendor/laravel/framework/src/Illuminate/Collections/Collection.php(1726): Illuminate\\Database\\Eloquent\\Collection->map(Object(Closure))
#22 /Users/stellaning/work/Facebook whatsApp/social_media_saas_admin/backend/app/Http/Controllers/Api/CrawlerTaskController.php(24): Illuminate\\Support\\Collection->transform(Object(Closure))
#23 /Users/stellaning/work/Facebook whatsApp/social_media_saas_admin/backend/vendor/laravel/framework/src/Illuminate/Routing/ControllerDispatcher.php(47): App\\Http\\Controllers\\Api\\CrawlerTaskController->index(Object(Illuminate\\Http\\Request))
#24 /Users/stellaning/work/Facebook whatsApp/social_media_saas_admin/backend/vendor/laravel/framework/src/Illuminate/Routing/Route.php(266): Illuminate\\Routing\\ControllerDispatcher->dispatch(Object(Illuminate\\Routing\\Route), Object(App\\Http\\Controllers\\Api\\CrawlerTaskController), 'index')
#25 /Users/stellaning/work/Facebook whatsApp/social_media_saas_admin/backend/vendor/laravel/framework/src/Illuminate/Routing/Route.php(212): Illuminate\\Routing\\Route->runController()
#26 /Users/stellaning/work/Facebook whatsApp/social_media_saas_admin/backend/vendor/laravel/framework/src/Illuminate/Routing/Router.php(808): Illuminate\\Routing\\Route->run()
#27 /Users/stellaning/work/Facebook whatsApp/social_media_saas_admin/backend/vendor/laravel/framework/src/Illuminate/Pipeline/Pipeline.php(170): Illuminate\\Routing\\Router->Illuminate\\Routing\\{closure}(Object(Illuminate\\Http\\Request))
#28 /Users/stellaning/work/Facebook whatsApp/social_media_saas_admin/backend/app/Http/Middleware/EnsureRolePermission.php(26): Illuminate\\Pipeline\\Pipeline->Illuminate\\Pipeline\\{closure}(Object(Illuminate\\Http\\Request))
#29 /Users/stellaning/work/Facebook whatsApp/social_media_saas_admin/backend/vendor/laravel/framework/src/Illuminate/Pipeline/Pipeline.php(209): App\\Http\\Middleware\\EnsureRolePermission->handle(Object(Illuminate\\Http\\Request), Object(Closure), 'crawler-tasks')
#30 /Users/stellaning/work/Facebook whatsApp/social_media_saas_admin/backend/vendor/laravel/framework/src/Illuminate/Routing/Middleware/SubstituteBindings.php(51): Illuminate\\Pipeline\\Pipeline->Illuminate\\Pipeline\\{closure}(Object(Illuminate\\Http\\Request))
#31 /Users/stellaning/work/Facebook whatsApp/social_media_saas_admin/backend/vendor/laravel/framework/src/Illuminate/Pipeline/Pipeline.php(209): Illuminate\\Routing\\Middleware\\SubstituteBindings->handle(Object(Illuminate\\Http\\Request), Object(Closure))
#32 /Users/stellaning/work/Facebook whatsApp/social_media_saas_admin/backend/vendor/laravel/framework/src/Illuminate/Auth/Middleware/Authenticate.php(64): Illuminate\\Pipeline\\Pipeline->Illuminate\\Pipeline\\{closure}(Object(Illuminate\\Http\\Request))
#33 /Users/stellaning/work/Facebook whatsApp/social_media_saas_admin/backend/vendor/laravel/framework/src/Illuminate/Pipeline/Pipeline.php(209): Illuminate\\Auth\\Middleware\\Authenticate->handle(Object(Illuminate\\Http\\Request), Object(Closure), 'sanctum')
#34 /Users/stellaning/work/Facebook whatsApp/social_media_saas_admin/backend/vendor/laravel/framework/src/Illuminate/Pipeline/Pipeline.php(127): Illuminate\\Pipeline\\Pipeline->Illuminate\\Pipeline\\{closure}(Object(Illuminate\\Http\\Request))
#35 /Users/stellaning/work/Facebook whatsApp/social_media_saas_admin/backend/vendor/laravel/framework/src/Illuminate/Routing/Router.php(807): Illuminate\\Pipeline\\Pipeline->then(Object(Closure))
#36 /Users/stellaning/work/Facebook whatsApp/social_media_saas_admin/backend/vendor/laravel/framework/src/Illuminate/Routing/Router.php(786): Illuminate\\Routing\\Router->runRouteWithinStack(Object(Illuminate\\Routing\\Route), Object(Illuminate\\Http\\Request))
#37 /Users/stellaning/work/Facebook whatsApp/social_media_saas_admin/backend/vendor/laravel/framework/src/Illuminate/Routing/Router.php(750): Illuminate\\Routing\\Router->runRoute(Object(Illuminate\\Http\\Request), Object(Illuminate\\Routing\\Route))
#38 /Users/stellaning/work/Facebook whatsApp/social_media_saas_admin/backend/vendor/laravel/framework/src/Illuminate/Routing/Router.php(739): Illuminate\\Routing\\Router->dispatchToRoute(Object(Illuminate\\Http\\Request))
#39 /Users/stellaning/work/Facebook whatsApp/social_media_saas_admin/backend/vendor/laravel/framework/src/Illuminate/Foundation/Http/Kernel.php(201): Illuminate\\Routing\\Router->dispatch(Object(Illuminate\\Http\\Request))
#40 /Users/stellaning/work/Facebook whatsApp/social_media_saas_admin/backend/vendor/laravel/framework/src/Illuminate/Pipeline/Pipeline.php(170): Illuminate\\Foundation\\Http\\Kernel->Illuminate\\Foundation\\Http\\{closure}(Object(Illuminate\\Http\\Request))
#41 /Users/stellaning/work/Facebook whatsApp/social_media_saas_admin/backend/vendor/laravel/framework/src/Illuminate/Foundation/Http/Middleware/TransformsRequest.php(21): Illuminate\\Pipeline\\Pipeline->Illuminate\\Pipeline\\{closure}(Object(Illuminate\\Http\\Request))
#42 /Users/stellaning/work/Facebook whatsApp/social_media_saas_admin/backend/vendor/laravel/framework/src/Illuminate/Foundation/Http/Middleware/ConvertEmptyStringsToNull.php(31): Illuminate\\Foundation\\Http\\Middleware\\TransformsRequest->handle(Object(Illuminate\\Http\\Request), Object(Closure))
#43 /Users/stellaning/work/Facebook whatsApp/social_media_saas_admin/backend/vendor/laravel/framework/src/Illuminate/Pipeline/Pipeline.php(209): Illuminate\\Foundation\\Http\\Middleware\\ConvertEmptyStringsToNull->handle(Object(Illuminate\\Http\\Request), Object(Closure))
#44 /Users/stellaning/work/Facebook whatsApp/social_media_saas_admin/backend/vendor/laravel/framework/src/Illuminate/Foundation/Http/Middleware/TransformsRequest.php(21): Illuminate\\Pipeline\\Pipeline->Illuminate\\Pipeline\\{closure}(Object(Illuminate\\Http\\Request))
#45 /Users/stellaning/work/Facebook whatsApp/social_media_saas_admin/backend/vendor/laravel/framework/src/Illuminate/Foundation/Http/Middleware/TrimStrings.php(51): Illuminate\\Foundation\\Http\\Middleware\\TransformsRequest->handle(Object(Illuminate\\Http\\Request), Object(Closure))
#46 /Users/stellaning/work/Facebook whatsApp/social_media_saas_admin/backend/vendor/laravel/framework/src/Illuminate/Pipeline/Pipeline.php(209): Illuminate\\Foundation\\Http\\Middleware\\TrimStrings->handle(Object(Illuminate\\Http\\Request), Object(Closure))
#47 /Users/stellaning/work/Facebook whatsApp/social_media_saas_admin/backend/vendor/laravel/framework/src/Illuminate/Http/Middleware/ValidatePostSize.php(27): Illuminate\\Pipeline\\Pipeline->Illuminate\\Pipeline\\{closure}(Object(Illuminate\\Http\\Request))
#48 /Users/stellaning/work/Facebook whatsApp/social_media_saas_admin/backend/vendor/laravel/framework/src/Illuminate/Pipeline/Pipeline.php(209): Illuminate\\Http\\Middleware\\ValidatePostSize->handle(Object(Illuminate\\Http\\Request), Object(Closure))
#49 /Users/stellaning/work/Facebook whatsApp/social_media_saas_admin/backend/vendor/laravel/framework/src/Illuminate/Foundation/Http/Middleware/PreventRequestsDuringMaintenance.php(110): Illuminate\\Pipeline\\Pipeline->Illuminate\\Pipeline\\{closure}(Object(Illuminate\\Http\\Request))
#50 /Users/stellaning/work/Facebook whatsApp/social_media_saas_admin/backend/vendor/laravel/framework/src/Illuminate/Pipeline/Pipeline.php(209): Illuminate\\Foundation\\Http\\Middleware\\PreventRequestsDuringMaintenance->handle(Object(Illuminate\\Http\\Request), Object(Closure))
#51 /Users/stellaning/work/Facebook whatsApp/social_media_saas_admin/backend/vendor/laravel/framework/src/Illuminate/Http/Middleware/HandleCors.php(62): Illuminate\\Pipeline\\Pipeline->Illuminate\\Pipeline\\{closure}(Object(Illuminate\\Http\\Request))
#52 /Users/stellaning/work/Facebook whatsApp/social_media_saas_admin/backend/vendor/laravel/framework/src/Illuminate/Pipeline/Pipeline.php(209): Illuminate\\Http\\Middleware\\HandleCors->handle(Object(Illuminate\\Http\\Request), Object(Closure))
#53 /Users/stellaning/work/Facebook whatsApp/social_media_saas_admin/backend/vendor/laravel/framework/src/Illuminate/Http/Middleware/TrustProxies.php(58): Illuminate\\Pipeline\\Pipeline->Illuminate\\Pipeline\\{closure}(Object(Illuminate\\Http\\Request))
#54 /Users/stellaning/work/Facebook whatsApp/social_media_saas_admin/backend/vendor/laravel/framework/src/Illuminate/Pipeline/Pipeline.php(209): Illuminate\\Http\\Middleware\\TrustProxies->handle(Object(Illuminate\\Http\\Request), Object(Closure))
#55 /Users/stellaning/work/Facebook whatsApp/social_media_saas_admin/backend/vendor/laravel/framework/src/Illuminate/Foundation/Http/Middleware/InvokeDeferredCallbacks.php(22): Illuminate\\Pipeline\\Pipeline->Illuminate\\Pipeline\\{closure}(Object(Illuminate\\Http\\Request))
#56 /Users/stellaning/work/Facebook whatsApp/social_media_saas_admin/backend/vendor/laravel/framework/src/Illuminate/Pipeline/Pipeline.php(209): Illuminate\\Foundation\\Http\\Middleware\\InvokeDeferredCallbacks->handle(Object(Illuminate\\Http\\Request), Object(Closure))
#57 /Users/stellaning/work/Facebook whatsApp/social_media_saas_admin/backend/vendor/laravel/framework/src/Illuminate/Pipeline/Pipeline.php(127): Illuminate\\Pipeline\\Pipeline->Illuminate\\Pipeline\\{closure}(Object(Illuminate\\Http\\Request))
#58 /Users/stellaning/work/Facebook whatsApp/social_media_saas_admin/backend/vendor/laravel/framework/src/Illuminate/Foundation/Http/Kernel.php(176): Illuminate\\Pipeline\\Pipeline->then(Object(Closure))
#59 /Users/stellaning/work/Facebook whatsApp/social_media_saas_admin/backend/vendor/laravel/framework/src/Illuminate/Foundation/Http/Kernel.php(145): Illuminate\\Foundation\\Http\\Kernel->sendRequestThroughRouter(Object(Illuminate\\Http\\Request))
#60 /Users/stellaning/work/Facebook whatsApp/social_media_saas_admin/backend/vendor/laravel/framework/src/Illuminate/Foundation/Application.php(1220): Illuminate\\Foundation\\Http\\Kernel->handle(Object(Illuminate\\Http\\Request))
#61 /Users/stellaning/work/Facebook whatsApp/social_media_saas_admin/backend/public/index.php(23): Illuminate\\Foundation\\Application->handleRequest(Object(Illuminate\\Http\\Request))
#62 /Users/stellaning/work/Facebook whatsApp/social_media_saas_admin/backend/vendor/laravel/framework/src/Illuminate/Foundation/resources/server.php(23): require_once('/Users/stellani...')
#63 {main}
"} 
[2026-08-05 15:45:18] local.INFO: ai_config.resolve {"account_id":1,"tenant_id":1,"platform":1} 
[2026-08-05 15:45:38] local.INFO: ai_config.resolve {"account_id":1,"tenant_id":1,"platform":1} 
[2026-08-05 19:46:47] local.ERROR: Writing to /Users/stellaning/.config/psysh/psysh_history is not allowed. {"exception":"[object] (ErrorException(code: 0): Writing to /Users/stellaning/.config/psysh/psysh_history is not allowed. at /Users/stellaning/work/Facebook whatsApp/social_media_saas_admin/backend/vendor/psy/psysh/src/ConfigPaths.php:480)
[stacktrace]
#0 /Users/stellaning/work/Facebook whatsApp/social_media_saas_admin/backend/vendor/laravel/framework/src/Illuminate/Foundation/Bootstrap/HandleExceptions.php(258): Illuminate\\Foundation\\Bootstrap\\HandleExceptions->handleError(1024, 'Writing to /Use...', '/Users/stellani...', 480)
#1 [internal function]: Illuminate\\Foundation\\Bootstrap\\HandleExceptions->Illuminate\\Foundation\\Bootstrap\\{closure}(1024, 'Writing to /Use...', '/Users/stellani...', 480)
#2 /Users/stellaning/work/Facebook whatsApp/social_media_saas_admin/backend/vendor/psy/psysh/src/ConfigPaths.php(480): trigger_error('Writing to /Use...', 1024)
#3 /Users/stellaning/work/Facebook whatsApp/social_media_saas_admin/backend/vendor/psy/psysh/src/Configuration.php(1068): Psy\\ConfigPaths::touchFileWithMkdir('/Users/stellani...')
#4 /Users/stellaning/work/Facebook whatsApp/social_media_saas_admin/backend/vendor/psy/psysh/src/Configuration.php(1106): Psy\\Configuration->setHistoryFile('/Users/stellani...')
#5 /Users/stellaning/work/Facebook whatsApp/social_media_saas_admin/backend/vendor/psy/psysh/src/Configuration.php(1285): Psy\\Configuration->getHistoryFile()
#6 /Users/stellaning/work/Facebook whatsApp/social_media_saas_admin/backend/vendor/psy/psysh/src/Shell.php(192): Psy\\Configuration->getReadline()
#7 /Users/stellaning/work/Facebook whatsApp/social_media_saas_admin/backend/vendor/psy/psysh/src/Shell.php(2213): Psy\\Shell->boot()
#8 /Users/stellaning/work/Facebook whatsApp/social_media_saas_admin/backend/vendor/laravel/tinker/src/Console/TinkerCommand.php(77): Psy\\Shell->execute('echo json_encod...')
#9 /Users/stellaning/work/Facebook whatsApp/social_media_saas_admin/backend/vendor/laravel/framework/src/Illuminate/Container/BoundMethod.php(36): Laravel\\Tinker\\Console\\TinkerCommand->handle()
#10 /Users/stellaning/work/Facebook whatsApp/social_media_saas_admin/backend/vendor/laravel/framework/src/Illuminate/Container/Util.php(43): Illuminate\\Container\\BoundMethod::Illuminate\\Container\\{closure}()
#11 /Users/stellaning/work/Facebook whatsApp/social_media_saas_admin/backend/vendor/laravel/framework/src/Illuminate/Container/BoundMethod.php(95): Illuminate\\Container\\Util::unwrapIfClosure(Object(Closure))
#12 /Users/stellaning/work/Facebook whatsApp/social_media_saas_admin/backend/vendor/laravel/framework/src/Illuminate/Container/BoundMethod.php(35): Illuminate\\Container\\BoundMethod::callBoundMethod(Object(Illuminate\\Foundation\\Application), Array, Object(Closure))
#13 /Users/stellaning/work/Facebook whatsApp/social_media_saas_admin/backend/vendor/laravel/framework/src/Illuminate/Container/Container.php(696): Illuminate\\Container\\BoundMethod::call(Object(Illuminate\\Foundation\\Application), Array, Array, NULL)
#14 /Users/stellaning/work/Facebook whatsApp/social_media_saas_admin/backend/vendor/laravel/framework/src/Illuminate/Console/Command.php(213): Illuminate\\Container\\Container->call(Array)
#15 /Users/stellaning/work/Facebook whatsApp/social_media_saas_admin/backend/vendor/symfony/console/Command/Command.php(341): Illuminate\\Console\\Command->execute(Object(Symfony\\Component\\Console\\Input\\ArgvInput), Object(Illuminate\\Console\\OutputStyle))
#16 /Users/stellaning/work/Facebook whatsApp/social_media_saas_admin/backend/vendor/laravel/framework/src/Illuminate/Console/Command.php(182): Symfony\\Component\\Console\\Command\\Command->run(Object(Symfony\\Component\\Console\\Input\\ArgvInput), Object(Illuminate\\Console\\OutputStyle))
#17 /Users/stellaning/work/Facebook whatsApp/social_media_saas_admin/backend/vendor/symfony/console/Application.php(1117): Illuminate\\Console\\Command->run(Object(Symfony\\Component\\Console\\Input\\ArgvInput), Object(Symfony\\Component\\Console\\Output\\ConsoleOutput))
#18 /Users/stellaning/work/Facebook whatsApp/social_media_saas_admin/backend/vendor/symfony/console/Application.php(356): Symfony\\Component\\Console\\Application->doRunCommand(Object(Laravel\\Tinker\\Console\\TinkerCommand), Object(Symfony\\Component\\Console\\Input\\ArgvInput), Object(Symfony\\Component\\Console\\Output\\ConsoleOutput))
#19 /Users/stellaning/work/Facebook whatsApp/social_media_saas_admin/backend/vendor/symfony/console/Application.php(195): Symfony\\Component\\Console\\Application->doRun(Object(Symfony\\Component\\Console\\Input\\ArgvInput), Object(Symfony\\Component\\Console\\Output\\ConsoleOutput))
#20 /Users/stellaning/work/Facebook whatsApp/social_media_saas_admin/backend/vendor/laravel/framework/src/Illuminate/Foundation/Console/Kernel.php(198): Symfony\\Component\\Console\\Application->run(Object(Symfony\\Component\\Console\\Input\\ArgvInput), Object(Symfony\\Component\\Console\\Output\\ConsoleOutput))
#21 /Users/stellaning/work/Facebook whatsApp/social_media_saas_admin/backend/vendor/laravel/framework/src/Illuminate/Foundation/Application.php(1235): Illuminate\\Foundation\\Console\\Kernel->handle(Object(Symfony\\Component\\Console\\Input\\ArgvInput), Object(Symfony\\Component\\Console\\Output\\ConsoleOutput))
#22 /Users/stellaning/work/Facebook whatsApp/social_media_saas_admin/backend/artisan(14): Illuminate\\Foundation\\Application->handleCommand(Object(Symfony\\Component\\Console\\Input\\ArgvInput))
#23 {main}
"} 
[2026-08-05 20:28:12] local.INFO: ai_config.resolve {"account_id":1,"tenant_id":1,"platform":1} 
[2026-08-05 20:37:36] local.INFO: ai_config.resolve {"account_id":1,"tenant_id":1,"platform":1} 
[2026-08-05 20:44:01] local.INFO: ai_config.resolve {"account_id":6,"tenant_id":2,"platform":1} 
[2026-08-05 20:44:36] local.INFO: ai_config.resolve {"account_id":6,"tenant_id":2,"platform":1} 
[2026-08-05 20:44:45] local.INFO: ai_config.resolve {"account_id":1,"tenant_id":1,"platform":1} 
[2026-08-05 21:04:51] local.INFO: ai_config.resolve {"account_id":6,"tenant_id":2,"platform":1} 
[2026-08-05 21:05:02] local.INFO: ai_config.resolve {"account_id":3,"tenant_id":1,"platform":1} 
[2026-08-05 21:23:26] local.INFO: ai_config.resolve {"account_id":1,"tenant_id":1,"platform":1} 
[2026-08-05 21:23:26] local.INFO: message.ai_reply {"session_id":1,"tenant_id":1,"account_id":1,"source":"account_param_template","prompt_id":1,"intent":"high"} 
[2026-08-05 21:33:38] local.ERROR: Writing to /Users/stellaning/.config/psysh/psysh_history is not allowed. {"exception":"[object] (ErrorException(code: 0): Writing to /Users/stellaning/.config/psysh/psysh_history is not allowed. at /Users/stellaning/work/Facebook whatsApp/social_media_saas_admin/backend/vendor/psy/psysh/src/ConfigPaths.php:480)
[stacktrace]
#0 /Users/stellaning/work/Facebook whatsApp/social_media_saas_admin/backend/vendor/laravel/framework/src/Illuminate/Foundation/Bootstrap/HandleExceptions.php(258): Illuminate\\Foundation\\Bootstrap\\HandleExceptions->handleError(1024, 'Writing to /Use...', '/Users/stellani...', 480)
#1 [internal function]: Illuminate\\Foundation\\Bootstrap\\HandleExceptions->Illuminate\\Foundation\\Bootstrap\\{closure}(1024, 'Writing to /Use...', '/Users/stellani...', 480)
#2 /Users/stellaning/work/Facebook whatsApp/social_media_saas_admin/backend/vendor/psy/psysh/src/ConfigPaths.php(480): trigger_error('Writing to /Use...', 1024)
#3 /Users/stellaning/work/Facebook whatsApp/social_media_saas_admin/backend/vendor/psy/psysh/src/Configuration.php(1068): Psy\\ConfigPaths::touchFileWithMkdir('/Users/stellani...')
#4 /Users/stellaning/work/Facebook whatsApp/social_media_saas_admin/backend/vendor/psy/psysh/src/Configuration.php(1106): Psy\\Configuration->setHistoryFile('/Users/stellani...')
#5 /Users/stellaning/work/Facebook whatsApp/social_media_saas_admin/backend/vendor/psy/psysh/src/Configuration.php(1285): Psy\\Configuration->getHistoryFile()
#6 /Users/stellaning/work/Facebook whatsApp/social_media_saas_admin/backend/vendor/psy/psysh/src/Shell.php(192): Psy\\Configuration->getReadline()
#7 /Users/stellaning/work/Facebook whatsApp/social_media_saas_admin/backend/vendor/psy/psysh/src/Shell.php(2213): Psy\\Shell->boot()
#8 /Users/stellaning/work/Facebook whatsApp/social_media_saas_admin/backend/vendor/laravel/tinker/src/Console/TinkerCommand.php(77): Psy\\Shell->execute('\\n$task = App\\\\Mo...')
#9 /Users/stellaning/work/Facebook whatsApp/social_media_saas_admin/backend/vendor/laravel/framework/src/Illuminate/Container/BoundMethod.php(36): Laravel\\Tinker\\Console\\TinkerCommand->handle()
#10 /Users/stellaning/work/Facebook whatsApp/social_media_saas_admin/backend/vendor/laravel/framework/src/Illuminate/Container/Util.php(43): Illuminate\\Container\\BoundMethod::Illuminate\\Container\\{closure}()
#11 /Users/stellaning/work/Facebook whatsApp/social_media_saas_admin/backend/vendor/laravel/framework/src/Illuminate/Container/BoundMethod.php(95): Illuminate\\Container\\Util::unwrapIfClosure(Object(Closure))
#12 /Users/stellaning/work/Facebook whatsApp/social_media_saas_admin/backend/vendor/laravel/framework/src/Illuminate/Container/BoundMethod.php(35): Illuminate\\Container\\BoundMethod::callBoundMethod(Object(Illuminate\\Foundation\\Application), Array, Object(Closure))
#13 /Users/stellaning/work/Facebook whatsApp/social_media_saas_admin/backend/vendor/laravel/framework/src/Illuminate/Container/Container.php(696): Illuminate\\Container\\BoundMethod::call(Object(Illuminate\\Foundation\\Application), Array, Array, NULL)
#14 /Users/stellaning/work/Facebook whatsApp/social_media_saas_admin/backend/vendor/laravel/framework/src/Illuminate/Console/Command.php(213): Illuminate\\Container\\Container->call(Array)
#15 /Users/stellaning/work/Facebook whatsApp/social_media_saas_admin/backend/vendor/symfony/console/Command/Command.php(341): Illuminate\\Console\\Command->execute(Object(Symfony\\Component\\Console\\Input\\ArgvInput), Object(Illuminate\\Console\\OutputStyle))
#16 /Users/stellaning/work/Facebook whatsApp/social_media_saas_admin/backend/vendor/laravel/framework/src/Illuminate/Console/Command.php(182): Symfony\\Component\\Console\\Command\\Command->run(Object(Symfony\\Component\\Console\\Input\\ArgvInput), Object(Illuminate\\Console\\OutputStyle))
#17 /Users/stellaning/work/Facebook whatsApp/social_media_saas_admin/backend/vendor/symfony/console/Application.php(1117): Illuminate\\Console\\Command->run(Object(Symfony\\Component\\Console\\Input\\ArgvInput), Object(Symfony\\Component\\Console\\Output\\ConsoleOutput))
#18 /Users/stellaning/work/Facebook whatsApp/social_media_saas_admin/backend/vendor/symfony/console/Application.php(356): Symfony\\Component\\Console\\Application->doRunCommand(Object(Laravel\\Tinker\\Console\\TinkerCommand), Object(Symfony\\Component\\Console\\Input\\ArgvInput), Object(Symfony\\Component\\Console\\Output\\ConsoleOutput))
#19 /Users/stellaning/work/Facebook whatsApp/social_media_saas_admin/backend/vendor/symfony/console/Application.php(195): Symfony\\Component\\Console\\Application->doRun(Object(Symfony\\Component\\Console\\Input\\ArgvInput), Object(Symfony\\Component\\Console\\Output\\ConsoleOutput))
#20 /Users/stellaning/work/Facebook whatsApp/social_media_saas_admin/backend/vendor/laravel/framework/src/Illuminate/Foundation/Console/Kernel.php(198): Symfony\\Component\\Console\\Application->run(Object(Symfony\\Component\\Console\\Input\\ArgvInput), Object(Symfony\\Component\\Console\\Output\\ConsoleOutput))
#21 /Users/stellaning/work/Facebook whatsApp/social_media_saas_admin/backend/vendor/laravel/framework/src/Illuminate/Foundation/Application.php(1235): Illuminate\\Foundation\\Console\\Kernel->handle(Object(Symfony\\Component\\Console\\Input\\ArgvInput), Object(Symfony\\Component\\Console\\Output\\ConsoleOutput))
#22 /Users/stellaning/work/Facebook whatsApp/social_media_saas_admin/backend/artisan(14): Illuminate\\Foundation\\Application->handleCommand(Object(Symfony\\Component\\Console\\Input\\ArgvInput))
#23 {main}
"} 
[2026-08-05 21:33:49] local.INFO: ai_config.resolve {"account_id":1,"tenant_id":1,"platform":1} 
[2026-08-05 21:33:49] local.INFO: message.ai_reply {"session_id":2,"tenant_id":1,"account_id":1,"source":"account_param_template","prompt_id":1,"intent":"high"} 
[2026-08-05 21:33:49] local.INFO: ai_config.resolve {"account_id":1,"tenant_id":1,"platform":1} 
[2026-08-05 21:33:49] local.INFO: message.ai_reply {"session_id":3,"tenant_id":1,"account_id":1,"source":"account_param_template","prompt_id":1,"intent":"high"} 
[2026-08-05 21:36:51] local.INFO: ai_config.resolve {"account_id":6,"tenant_id":2,"platform":1} 
[2026-08-05 21:36:51] local.INFO: message.ai_reply {"session_id":4,"tenant_id":2,"account_id":6,"source":"tenant_selected_param","prompt_id":4,"intent":"high"} 
[2026-08-05 21:36:51] local.INFO: ai_config.resolve {"account_id":6,"tenant_id":2,"platform":1} 
[2026-08-05 21:36:51] local.INFO: message.ai_reply {"session_id":5,"tenant_id":2,"account_id":6,"source":"tenant_selected_param","prompt_id":4,"intent":"high"} 
[2026-08-05 22:10:09] local.INFO: package_setting.saved {"package_type":1} 
[2026-08-05 22:10:09] local.INFO: package_setting.saved {"package_type":2} 
[2026-08-05 22:10:09] local.INFO: package_setting.saved {"package_type":3} 
[2026-08-05 22:10:09] local.ERROR: Undefined variable $day {"exception":"[object] (ErrorException(code: 0): Undefined variable $day at /Users/stellaning/work/Facebook whatsApp/social_media_saas_admin/backend/app/Services/FinanceService.php:128)
[stacktrace]
#0 /Users/stellaning/work/Facebook whatsApp/social_media_saas_admin/backend/vendor/laravel/framework/src/Illuminate/Foundation/Bootstrap/HandleExceptions.php(258): Illuminate\\Foundation\\Bootstrap\\HandleExceptions->handleError(2, 'Undefined varia...', '/Users/stellani...', 128)
#1 /Users/stellaning/work/Facebook whatsApp/social_media_saas_admin/backend/app/Services/FinanceService.php(128): Illuminate\\Foundation\\Bootstrap\\HandleExceptions->Illuminate\\Foundation\\Bootstrap\\{closure}(2, 'Undefined varia...', '/Users/stellani...', 128)
#2 /Users/stellaning/work/Facebook whatsApp/social_media_saas_admin/backend/vendor/laravel/framework/src/Illuminate/Database/Concerns/BuildsQueries.php(106): App\\Services\\FinanceService->App\\Services\\{closure}(Object(App\\Models\\Tenant), 0)
#3 /Users/stellaning/work/Facebook whatsApp/social_media_saas_admin/backend/vendor/laravel/framework/src/Illuminate/Database/Concerns/BuildsQueries.php(59): Illuminate\\Database\\Eloquent\\Builder->Illuminate\\Database\\Concerns\\{closure}(Object(Illuminate\\Database\\Eloquent\\Collection), 1)
#4 /Users/stellaning/work/Facebook whatsApp/social_media_saas_admin/backend/vendor/laravel/framework/src/Illuminate/Database/Concerns/BuildsQueries.php(104): Illuminate\\Database\\Eloquent\\Builder->chunk(1000, Object(Closure))
#5 /Users/stellaning/work/Facebook whatsApp/social_media_saas_admin/backend/app/Services/FinanceService.php(115): Illuminate\\Database\\Eloquent\\Builder->each(Object(Closure))
#6 /Users/stellaning/work/Facebook whatsApp/social_media_saas_admin/backend/database/seeders/PackagePlatformProxySeeder.php(102): App\\Services\\FinanceService->aggregateDailyCosts('2026-08-05')
#7 /Users/stellaning/work/Facebook whatsApp/social_media_saas_admin/backend/vendor/laravel/framework/src/Illuminate/Container/BoundMethod.php(36): Database\\Seeders\\PackagePlatformProxySeeder->run()
#8 /Users/stellaning/work/Facebook whatsApp/social_media_saas_admin/backend/vendor/laravel/framework/src/Illuminate/Container/Util.php(43): Illuminate\\Container\\BoundMethod::Illuminate\\Container\\{closure}()
#9 /Users/stellaning/work/Facebook whatsApp/social_media_saas_admin/backend/vendor/laravel/framework/src/Illuminate/Container/BoundMethod.php(95): Illuminate\\Container\\Util::unwrapIfClosure(Object(Closure))
#10 /Users/stellaning/work/Facebook whatsApp/social_media_saas_admin/backend/vendor/laravel/framework/src/Illuminate/Container/BoundMethod.php(35): Illuminate\\Container\\BoundMethod::callBoundMethod(Object(Illuminate\\Foundation\\Application), Array, Object(Closure))
#11 /Users/stellaning/work/Facebook whatsApp/social_media_saas_admin/backend/vendor/laravel/framework/src/Illuminate/Container/Container.php(696): Illuminate\\Container\\BoundMethod::call(Object(Illuminate\\Foundation\\Application), Array, Array, NULL)
#12 /Users/stellaning/work/Facebook whatsApp/social_media_saas_admin/backend/vendor/laravel/framework/src/Illuminate/Database/Seeder.php(188): Illuminate\\Container\\Container->call(Array, Array)
#13 /Users/stellaning/work/Facebook whatsApp/social_media_saas_admin/backend/vendor/laravel/framework/src/Illuminate/Database/Seeder.php(197): Illuminate\\Database\\Seeder->Illuminate\\Database\\{closure}()
#14 /Users/stellaning/work/Facebook whatsApp/social_media_saas_admin/backend/vendor/laravel/framework/src/Illuminate/Database/Console/Seeds/SeedCommand.php(70): Illuminate\\Database\\Seeder->__invoke()
#15 /Users/stellaning/work/Facebook whatsApp/social_media_saas_admin/backend/vendor/laravel/framework/src/Illuminate/Database/Eloquent/Concerns/GuardsAttributes.php(155): Illuminate\\Database\\Console\\Seeds\\SeedCommand->Illuminate\\Database\\Console\\Seeds\\{closure}()
#16 /Users/stellaning/work/Facebook whatsApp/social_media_saas_admin/backend/vendor/laravel/framework/src/Illuminate/Database/Console/Seeds/SeedCommand.php(69): Illuminate\\Database\\Eloquent\\Model::unguarded(Object(Closure))
#17 /Users/stellaning/work/Facebook whatsApp/social_media_saas_admin/backend/vendor/laravel/framework/src/Illuminate/Container/BoundMethod.php(36): Illuminate\\Database\\Console\\Seeds\\SeedCommand->handle()
#18 /Users/stellaning/work/Facebook whatsApp/social_media_saas_admin/backend/vendor/laravel/framework/src/Illuminate/Container/Util.php(43): Illuminate\\Container\\BoundMethod::Illuminate\\Container\\{closure}()
#19 /Users/stellaning/work/Facebook whatsApp/social_media_saas_admin/backend/vendor/laravel/framework/src/Illuminate/Container/BoundMethod.php(95): Illuminate\\Container\\Util::unwrapIfClosure(Object(Closure))
#20 /Users/stellaning/work/Facebook whatsApp/social_media_saas_admin/backend/vendor/laravel/framework/src/Illuminate/Container/BoundMethod.php(35): Illuminate\\Container\\BoundMethod::callBoundMethod(Object(Illuminate\\Foundation\\Application), Array, Object(Closure))
#21 /Users/stellaning/work/Facebook whatsApp/social_media_saas_admin/backend/vendor/laravel/framework/src/Illuminate/Container/Container.php(696): Illuminate\\Container\\BoundMethod::call(Object(Illuminate\\Foundation\\Application), Array, Array, NULL)
#22 /Users/stellaning/work/Facebook whatsApp/social_media_saas_admin/backend/vendor/laravel/framework/src/Illuminate/Console/Command.php(213): Illuminate\\Container\\Container->call(Array)
#23 /Users/stellaning/work/Facebook whatsApp/social_media_saas_admin/backend/vendor/symfony/console/Command/Command.php(341): Illuminate\\Console\\Command->execute(Object(Symfony\\Component\\Console\\Input\\ArgvInput), Object(Illuminate\\Console\\OutputStyle))
#24 /Users/stellaning/work/Facebook whatsApp/social_media_saas_admin/backend/vendor/laravel/framework/src/Illuminate/Console/Command.php(182): Symfony\\Component\\Console\\Command\\Command->run(Object(Symfony\\Component\\Console\\Input\\ArgvInput), Object(Illuminate\\Console\\OutputStyle))
#25 /Users/stellaning/work/Facebook whatsApp/social_media_saas_admin/backend/vendor/symfony/console/Application.php(1117): Illuminate\\Console\\Command->run(Object(Symfony\\Component\\Console\\Input\\ArgvInput), Object(Symfony\\Component\\Console\\Output\\ConsoleOutput))
#26 /Users/stellaning/work/Facebook whatsApp/social_media_saas_admin/backend/vendor/symfony/console/Application.php(356): Symfony\\Component\\Console\\Application->doRunCommand(Object(Illuminate\\Database\\Console\\Seeds\\SeedCommand), Object(Symfony\\Component\\Console\\Input\\ArgvInput), Object(Symfony\\Component\\Console\\Output\\ConsoleOutput))
#27 /Users/stellaning/work/Facebook whatsApp/social_media_saas_admin/backend/vendor/symfony/console/Application.php(195): Symfony\\Component\\Console\\Application->doRun(Object(Symfony\\Component\\Console\\Input\\ArgvInput), Object(Symfony\\Component\\Console\\Output\\ConsoleOutput))
#28 /Users/stellaning/work/Facebook whatsApp/social_media_saas_admin/backend/vendor/laravel/framework/src/Illuminate/Foundation/Console/Kernel.php(198): Symfony\\Component\\Console\\Application->run(Object(Symfony\\Component\\Console\\Input\\ArgvInput), Object(Symfony\\Component\\Console\\Output\\ConsoleOutput))
#29 /Users/stellaning/work/Facebook whatsApp/social_media_saas_admin/backend/vendor/laravel/framework/src/Illuminate/Foundation/Application.php(1235): Illuminate\\Foundation\\Console\\Kernel->handle(Object(Symfony\\Component\\Console\\Input\\ArgvInput), Object(Symfony\\Component\\Console\\Output\\ConsoleOutput))
#30 /Users/stellaning/work/Facebook whatsApp/social_media_saas_admin/backend/artisan(14): Illuminate\\Foundation\\Application->handleCommand(Object(Symfony\\Component\\Console\\Input\\ArgvInput))
#31 {main}
"} 
[2026-08-05 22:10:10] local.ERROR: Undefined variable $day {"exception":"[object] (ErrorException(code: 0): Undefined variable $day at /Users/stellaning/work/Facebook whatsApp/social_media_saas_admin/backend/app/Services/FinanceService.php:128)
[stacktrace]
#0 /Users/stellaning/work/Facebook whatsApp/social_media_saas_admin/backend/vendor/laravel/framework/src/Illuminate/Foundation/Bootstrap/HandleExceptions.php(258): Illuminate\\Foundation\\Bootstrap\\HandleExceptions->handleError(2, 'Undefined varia...', '/Users/stellani...', 128)
#1 /Users/stellaning/work/Facebook whatsApp/social_media_saas_admin/backend/app/Services/FinanceService.php(128): Illuminate\\Foundation\\Bootstrap\\HandleExceptions->Illuminate\\Foundation\\Bootstrap\\{closure}(2, 'Undefined varia...', '/Users/stellani...', 128)
#2 /Users/stellaning/work/Facebook whatsApp/social_media_saas_admin/backend/vendor/laravel/framework/src/Illuminate/Database/Concerns/BuildsQueries.php(106): App\\Services\\FinanceService->App\\Services\\{closure}(Object(App\\Models\\Tenant), 0)
#3 /Users/stellaning/work/Facebook whatsApp/social_media_saas_admin/backend/vendor/laravel/framework/src/Illuminate/Database/Concerns/BuildsQueries.php(59): Illuminate\\Database\\Eloquent\\Builder->Illuminate\\Database\\Concerns\\{closure}(Object(Illuminate\\Database\\Eloquent\\Collection), 1)
#4 /Users/stellaning/work/Facebook whatsApp/social_media_saas_admin/backend/vendor/laravel/framework/src/Illuminate/Database/Concerns/BuildsQueries.php(104): Illuminate\\Database\\Eloquent\\Builder->chunk(1000, Object(Closure))
#5 /Users/stellaning/work/Facebook whatsApp/social_media_saas_admin/backend/app/Services/FinanceService.php(115): Illuminate\\Database\\Eloquent\\Builder->each(Object(Closure))
#6 /Users/stellaning/work/Facebook whatsApp/social_media_saas_admin/backend/app/Console/Commands/DailyFinanceCostCommand.php(23): App\\Services\\FinanceService->aggregateDailyCosts('2026-08-05')
#7 /Users/stellaning/work/Facebook whatsApp/social_media_saas_admin/backend/vendor/laravel/framework/src/Illuminate/Container/BoundMethod.php(36): App\\Console\\Commands\\DailyFinanceCostCommand->handle(Object(App\\Services\\FinanceService))
#8 /Users/stellaning/work/Facebook whatsApp/social_media_saas_admin/backend/vendor/laravel/framework/src/Illuminate/Container/Util.php(43): Illuminate\\Container\\BoundMethod::Illuminate\\Container\\{closure}()
#9 /Users/stellaning/work/Facebook whatsApp/social_media_saas_admin/backend/vendor/laravel/framework/src/Illuminate/Container/BoundMethod.php(95): Illuminate\\Container\\Util::unwrapIfClosure(Object(Closure))
#10 /Users/stellaning/work/Facebook whatsApp/social_media_saas_admin/backend/vendor/laravel/framework/src/Illuminate/Container/BoundMethod.php(35): Illuminate\\Container\\BoundMethod::callBoundMethod(Object(Illuminate\\Foundation\\Application), Array, Object(Closure))
#11 /Users/stellaning/work/Facebook whatsApp/social_media_saas_admin/backend/vendor/laravel/framework/src/Illuminate/Container/Container.php(696): Illuminate\\Container\\BoundMethod::call(Object(Illuminate\\Foundation\\Application), Array, Array, NULL)
#12 /Users/stellaning/work/Facebook whatsApp/social_media_saas_admin/backend/vendor/laravel/framework/src/Illuminate/Console/Command.php(213): Illuminate\\Container\\Container->call(Array)
#13 /Users/stellaning/work/Facebook whatsApp/social_media_saas_admin/backend/vendor/symfony/console/Command/Command.php(341): Illuminate\\Console\\Command->execute(Object(Symfony\\Component\\Console\\Input\\ArgvInput), Object(Illuminate\\Console\\OutputStyle))
#14 /Users/stellaning/work/Facebook whatsApp/social_media_saas_admin/backend/vendor/laravel/framework/src/Illuminate/Console/Command.php(182): Symfony\\Component\\Console\\Command\\Command->run(Object(Symfony\\Component\\Console\\Input\\ArgvInput), Object(Illuminate\\Console\\OutputStyle))
#15 /Users/stellaning/work/Facebook whatsApp/social_media_saas_admin/backend/vendor/symfony/console/Application.php(1117): Illuminate\\Console\\Command->run(Object(Symfony\\Component\\Console\\Input\\ArgvInput), Object(Symfony\\Component\\Console\\Output\\ConsoleOutput))
#16 /Users/stellaning/work/Facebook whatsApp/social_media_saas_admin/backend/vendor/symfony/console/Application.php(356): Symfony\\Component\\Console\\Application->doRunCommand(Object(App\\Console\\Commands\\DailyFinanceCostCommand), Object(Symfony\\Component\\Console\\Input\\ArgvInput), Object(Symfony\\Component\\Console\\Output\\ConsoleOutput))
#17 /Users/stellaning/work/Facebook whatsApp/social_media_saas_admin/backend/vendor/symfony/console/Application.php(195): Symfony\\Component\\Console\\Application->doRun(Object(Symfony\\Component\\Console\\Input\\ArgvInput), Object(Symfony\\Component\\Console\\Output\\ConsoleOutput))
#18 /Users/stellaning/work/Facebook whatsApp/social_media_saas_admin/backend/vendor/laravel/framework/src/Illuminate/Foundation/Console/Kernel.php(198): Symfony\\Component\\Console\\Application->run(Object(Symfony\\Component\\Console\\Input\\ArgvInput), Object(Symfony\\Component\\Console\\Output\\ConsoleOutput))
#19 /Users/stellaning/work/Facebook whatsApp/social_media_saas_admin/backend/vendor/laravel/framework/src/Illuminate/Foundation/Application.php(1235): Illuminate\\Foundation\\Console\\Kernel->handle(Object(Symfony\\Component\\Console\\Input\\ArgvInput), Object(Symfony\\Component\\Console\\Output\\ConsoleOutput))
#20 /Users/stellaning/work/Facebook whatsApp/social_media_saas_admin/backend/artisan(14): Illuminate\\Foundation\\Application->handleCommand(Object(Symfony\\Component\\Console\\Input\\ArgvInput))
#21 {main}
"} 
[2026-08-05 22:10:45] local.INFO: package_setting.saved {"package_type":1} 
[2026-08-05 22:10:45] local.INFO: package_setting.saved {"package_type":2} 
[2026-08-05 22:10:45] local.INFO: package_setting.saved {"package_type":3} 
[2026-08-05 22:15:45] local.INFO: package_setting.saved {"package_type":1} 
[2026-08-05 22:16:20] local.INFO: package_setting.saved {"package_type":1} 
[2026-08-05 22:16:39] local.INFO: package_setting.saved {"package_type":1} 
[2026-08-05 22:24:26] local.INFO: package_setting.saved {"package_type":1} 
[2026-08-05 22:24:26] local.INFO: package_setting.saved {"package_type":1} 
[2026-08-05 22:25:44] local.INFO: package_setting.saved {"package_type":1} 
[2026-08-05 22:26:26] local.INFO: package_setting.saved {"package_type":2} 
[2026-08-05 22:27:01] local.INFO: package_setting.saved {"package_type":3} 
[2026-08-05 23:00:07] local.ERROR: Writing to /Users/stellaning/.config/psysh/psysh_history is not allowed. {"exception":"[object] (ErrorException(code: 0): Writing to /Users/stellaning/.config/psysh/psysh_history is not allowed. at /Users/stellaning/work/Facebook whatsApp/social_media_saas_admin/backend/vendor/psy/psysh/src/ConfigPaths.php:480)
[stacktrace]
#0 /Users/stellaning/work/Facebook whatsApp/social_media_saas_admin/backend/vendor/laravel/framework/src/Illuminate/Foundation/Bootstrap/HandleExceptions.php(258): Illuminate\\Foundation\\Bootstrap\\HandleExceptions->handleError(1024, 'Writing to /Use...', '/Users/stellani...', 480)
#1 [internal function]: Illuminate\\Foundation\\Bootstrap\\HandleExceptions->Illuminate\\Foundation\\Bootstrap\\{closure}(1024, 'Writing to /Use...', '/Users/stellani...', 480)
#2 /Users/stellaning/work/Facebook whatsApp/social_media_saas_admin/backend/vendor/psy/psysh/src/ConfigPaths.php(480): trigger_error('Writing to /Use...', 1024)
#3 /Users/stellaning/work/Facebook whatsApp/social_media_saas_admin/backend/vendor/psy/psysh/src/Configuration.php(1068): Psy\\ConfigPaths::touchFileWithMkdir('/Users/stellani...')
#4 /Users/stellaning/work/Facebook whatsApp/social_media_saas_admin/backend/vendor/psy/psysh/src/Configuration.php(1106): Psy\\Configuration->setHistoryFile('/Users/stellani...')
#5 /Users/stellaning/work/Facebook whatsApp/social_media_saas_admin/backend/vendor/psy/psysh/src/Configuration.php(1285): Psy\\Configuration->getHistoryFile()
#6 /Users/stellaning/work/Facebook whatsApp/social_media_saas_admin/backend/vendor/psy/psysh/src/Shell.php(192): Psy\\Configuration->getReadline()
#7 /Users/stellaning/work/Facebook whatsApp/social_media_saas_admin/backend/vendor/psy/psysh/src/Shell.php(2213): Psy\\Shell->boot()
#8 /Users/stellaning/work/Facebook whatsApp/social_media_saas_admin/backend/vendor/laravel/tinker/src/Console/TinkerCommand.php(77): Psy\\Shell->execute('\\necho 'tasks='....')
#9 /Users/stellaning/work/Facebook whatsApp/social_media_saas_admin/backend/vendor/laravel/framework/src/Illuminate/Container/BoundMethod.php(36): Laravel\\Tinker\\Console\\TinkerCommand->handle()
#10 /Users/stellaning/work/Facebook whatsApp/social_media_saas_admin/backend/vendor/laravel/framework/src/Illuminate/Container/Util.php(43): Illuminate\\Container\\BoundMethod::Illuminate\\Container\\{closure}()
#11 /Users/stellaning/work/Facebook whatsApp/social_media_saas_admin/backend/vendor/laravel/framework/src/Illuminate/Container/BoundMethod.php(95): Illuminate\\Container\\Util::unwrapIfClosure(Object(Closure))
#12 /Users/stellaning/work/Facebook whatsApp/social_media_saas_admin/backend/vendor/laravel/framework/src/Illuminate/Container/BoundMethod.php(35): Illuminate\\Container\\BoundMethod::callBoundMethod(Object(Illuminate\\Foundation\\Application), Array, Object(Closure))
#13 /Users/stellaning/work/Facebook whatsApp/social_media_saas_admin/backend/vendor/laravel/framework/src/Illuminate/Container/Container.php(696): Illuminate\\Container\\BoundMethod::call(Object(Illuminate\\Foundation\\Application), Array, Array, NULL)
#14 /Users/stellaning/work/Facebook whatsApp/social_media_saas_admin/backend/vendor/laravel/framework/src/Illuminate/Console/Command.php(213): Illuminate\\Container\\Container->call(Array)
#15 /Users/stellaning/work/Facebook whatsApp/social_media_saas_admin/backend/vendor/symfony/console/Command/Command.php(341): Illuminate\\Console\\Command->execute(Object(Symfony\\Component\\Console\\Input\\ArgvInput), Object(Illuminate\\Console\\OutputStyle))
#16 /Users/stellaning/work/Facebook whatsApp/social_media_saas_admin/backend/vendor/laravel/framework/src/Illuminate/Console/Command.php(182): Symfony\\Component\\Console\\Command\\Command->run(Object(Symfony\\Component\\Console\\Input\\ArgvInput), Object(Illuminate\\Console\\OutputStyle))
#17 /Users/stellaning/work/Facebook whatsApp/social_media_saas_admin/backend/vendor/symfony/console/Application.php(1117): Illuminate\\Console\\Command->run(Object(Symfony\\Component\\Console\\Input\\ArgvInput), Object(Symfony\\Component\\Console\\Output\\ConsoleOutput))
#18 /Users/stellaning/work/Facebook whatsApp/social_media_saas_admin/backend/vendor/symfony/console/Application.php(356): Symfony\\Component\\Console\\Application->doRunCommand(Object(Laravel\\Tinker\\Console\\TinkerCommand), Object(Symfony\\Component\\Console\\Input\\ArgvInput), Object(Symfony\\Component\\Console\\Output\\ConsoleOutput))
#19 /Users/stellaning/work/Facebook whatsApp/social_media_saas_admin/backend/vendor/symfony/console/Application.php(195): Symfony\\Component\\Console\\Application->doRun(Object(Symfony\\Component\\Console\\Input\\ArgvInput), Object(Symfony\\Component\\Console\\Output\\ConsoleOutput))
#20 /Users/stellaning/work/Facebook whatsApp/social_media_saas_admin/backend/vendor/laravel/framework/src/Illuminate/Foundation/Console/Kernel.php(198): Symfony\\Component\\Console\\Application->run(Object(Symfony\\Component\\Console\\Input\\ArgvInput), Object(Symfony\\Component\\Console\\Output\\ConsoleOutput))
#21 /Users/stellaning/work/Facebook whatsApp/social_media_saas_admin/backend/vendor/laravel/framework/src/Illuminate/Foundation/Application.php(1235): Illuminate\\Foundation\\Console\\Kernel->handle(Object(Symfony\\Component\\Console\\Input\\ArgvInput), Object(Symfony\\Component\\Console\\Output\\ConsoleOutput))
#22 /Users/stellaning/work/Facebook whatsApp/social_media_saas_admin/backend/artisan(14): Illuminate\\Foundation\\Application->handleCommand(Object(Symfony\\Component\\Console\\Input\\ArgvInput))
#23 {main}
"} 
